<?xml version="1.0" encoding="utf-8"?>
<COLLADA xmlns="http://www.collada.org/2005/11/COLLADASchema" version="1.4.1">
<asset>
  <contributor>
    <authoring_tool>meshmixer</authoring_tool>
  </contributor>
  <unit name="millimeters" meter="0.001"/>
  <up_axis>Y_UP</up_axis>
</asset>
<library_geometries>
  <geometry id="mesh1-geometry" name="mesh1-geometry">
    <mesh>
        <source id="mesh1-geometry-position">
        <float_array id="mesh1-geometry-position-array" count="2931">56.7286 1.7311e-33 -3.39946 0.79291 1.83697e-16 4.68335 21.1089 -0.62321 1.3938 0.775769 -0.917326 4.58211 0.727061 -1.78853 4.29441 21.0886 -1.22926 1.25866 0.650857 -2.59043 3.84431 21.056 -1.8109 1.04237 21.0124 -2.36086 0.75225 41.455 -1.8109 -1.8491 41.416 -2.36086 -2.14009 61.9149 -1.8109 -4.43362 61.8799 -2.36086 -4.72541 82.4282 -1.8109 -6.75695 82.3966 -2.36086 -7.04948 102.987 -1.8109 -8.86486 102.958 -2.36086 -9.15803 123.584 -1.8109 -10.8031 123.557 -2.36086 -11.0968 144.212 -1.8109 -12.6174 144.186 -2.36086 -12.9116 164.862 -1.8109 -14.3536 164.838 -2.36086 -14.6481 199.155 -1.8109 -17.1848 199.13 -2.36086 -17.4796 233.454 -1.8109 -20.1358 233.427 -2.36086 -20.4305 267.725 -1.8109 -23.4156 267.694 -2.36086 -23.7097 301.934 -1.8109 -27.2331 301.898 -2.36086 -27.5262 343.037 -1.8109 -32.8464 342.993 -2.36086 -33.1377 383.938 -1.8109 -39.9109 383.882 -2.36086 -40.1994 417.671 -1.8109 -47.1346 417.604 -2.36086 -47.4202 451.181 -1.77997 -55.8421 451.06 -2.59504 -56.2678 417.425 -3.33673 -48.1809 450.902 -3.31884 -56.8245 450.711 -3.923 -57.495 417.197 -4.09877 -49.1458 450.493 -4.37915 -58.2624 417.039 -4.43655 -49.8169 450.253 -4.65894 -59.1096 416.871 -4.65759 -50.53 416.697 -4.74834 -51.2719 383.126 -4.74834 -44.09 382.98 -4.69466 -44.8391 342.271 -4.69466 -37.8204 342.163 -4.49714 -38.5277 301.231 -4.49714 -32.9509 301.15 -4.17213 -33.6056 267.059 -4.17213 -29.8097 266.997 -3.73633 -30.4029 232.814 -3.73633 -27.1357 232.766 -3.20647 -27.6596 198.516 -3.20647 -24.7114 198.478 -2.59925 -25.1589 164.191 -2.59925 -22.3203 164.161 -1.93139 -22.6844 143.49 -1.93139 -20.9389 143.466 -1.2196 -21.2133 122.798 -1.2196 -19.386 122.781 -0.480604 -19.5645 102.124 -0.480604 -17.6099 102.116 0.268891 -17.6863 81.4764 0.268891 -15.559 81.4798 1.01217 -15.5274 60.8664 1.01217 -13.1822 60.8838 1.73252 -13.0368 40.306 1.73252 -10.4285 40.3415 2.41322 -10.1636 19.8093 2.41322 -7.24712 19.868 3.03756 -6.85713 -0.65316 2.59212 -3.85792 -0.552165 3.28803 -3.26138 0.551228 -3.29984 3.25585 20.8962 -3.33673 -0.0201896 41.3122 -3.33673 -2.91485 61.7868 -3.33673 -5.50233 82.3123 -3.33673 -7.82834 102.881 -3.33673 -9.9386 123.486 -3.33673 -11.8788 144.118 -3.33673 -13.6948 164.772 -3.33673 -15.4321 199.063 -3.33673 -18.2644 233.355 -3.33673 -21.215 267.613 -3.33673 -24.4928 301.802 -3.33673 -28.3067 342.873 -3.33673 -33.9132 383.733 -3.33673 -40.9678 0.432245 -3.89359 2.55307 20.7489 -4.09877 -1.0001 41.1806 -4.09877 -3.89772 61.6687 -4.09877 -6.48792 82.2055 -4.09877 -8.81639 102.783 -4.09877 -10.9288 123.395 -4.09877 -12.8709 144.032 -4.09877 -14.6884 164.688 -4.09877 -16.4268 198.979 -4.09877 -19.26 233.264 -4.09877 -22.2102 267.509 -4.09877 -25.4863 301.68 -4.09877 -29.2968 342.722 -4.09877 -34.8969 383.543 -4.09877 -41.9425 0.297979 -4.34849 1.76003 20.6464 -4.43655 -1.68152 41.0891 -4.43655 -4.58119 61.5865 -4.43655 -7.17328 82.1312 -4.43655 -9.50347 102.715 -4.43655 -11.6174 123.332 -4.43655 -13.5608 143.972 -4.43655 -15.3793 164.63 -4.43655 -17.1185 198.92 -4.43655 -19.9523 233.201 -4.43655 -22.9023 267.437 -4.43655 -26.1771 301.595 -4.43655 -29.9853 342.616 -4.43655 -35.581 383.411 -4.43655 -42.6203 0.152503 -4.64136 0.900763 20.5375 -4.65759 -2.40576 40.9918 -4.65759 -5.30761 61.4992 -4.65759 -7.90171 82.0522 -4.65759 -10.2337 102.643 -4.65759 -12.3493 123.264 -4.65759 -14.294 143.908 -4.65759 -16.1136 164.568 -4.65759 -17.8537 198.857 -4.65759 -20.6882 233.133 -4.65759 -23.6379 267.361 -4.65759 -26.9114 301.505 -4.65759 -30.7171 342.504 -4.65759 -36.3081 383.271 -4.65759 -43.3407 20.4242 -4.74834 -3.15912 -0.000113732 -4.74902 -0.000671761 20.3109 -4.69466 -3.91213 -0.153662 -4.65201 -0.90761 20.2049 -4.49714 -4.61664 -0.298946 -4.36133 -1.76574 20.1075 -4.17213 -5.26458 -0.432133 -3.90271 -2.55241 20.0195 -3.73633 -5.84965 -0.549655 -3.30203 -3.24656 19.9419 -3.20647 -6.36556 19.8757 -2.59925 -6.80601 40.4599 -3.20647 -9.27934 40.4007 -2.59925 -9.72112 61.0219 -3.20647 -11.8845 60.9688 -2.59925 -12.3274 81.6205 -3.20647 -14.2264 81.5725 -2.59925 -14.6705 102.248 -3.20647 -16.3507 102.204 -2.59925 -16.7958 122.897 -3.20647 -18.303 122.856 -2.59925 -18.7489 143.56 -3.20647 -20.1286 143.521 -2.59925 -20.5752 164.229 -3.20647 -21.8732 -0.647944 -2.58513 -3.8271 19.8217 -1.93139 -7.1647 40.3525 -1.93139 -10.0809 60.9256 -1.93139 -12.6882 81.5334 -1.93139 -15.0322 102.168 -1.93139 -17.1583 122.823 -1.93139 -19.112 -0.723431 -1.77786 -4.27297 19.781 -1.2196 -7.43532 40.3162 -1.2196 -10.3523 60.893 -1.2196 -12.9604 81.5039 -1.2196 -15.3051 102.141 -1.2196 -17.4318 -0.772549 -0.906087 -4.56309 19.7545 -0.480604 -7.61159 40.2925 -0.480604 -10.5291 60.8717 -0.480604 -13.1377 81.4846 -0.480604 -15.4828 -0.791729 0.00434762 -4.67638 19.7431 0.268891 -7.6872 40.2824 0.268891 -10.605 60.8626 0.268891 -13.2137 -0.777483 0.925433 -4.59223 19.7479 1.01217 -7.65586 40.2866 1.01217 -10.5735 -0.729819 1.79845 -4.3107 19.7696 1.73252 -7.51127 19.9463 3.58773 -6.33625 -0.43149 3.86776 -2.54861 20.0383 4.01651 -5.72483 -0.295794 4.31289 -1.74712 20.1388 4.31107 -5.05671 20.2453 4.4786 -4.34822 40.6357 4.31107 -7.96655 40.7309 4.4786 -7.25592 61.1797 4.31107 -10.568 61.2651 4.4786 -9.85542 81.7632 4.31107 -12.9067 81.8404 4.4786 -12.1923 102.379 4.31107 -15.0281 102.449 4.4786 -14.3122 123.018 4.31107 -16.9779 123.084 4.4786 -16.2606 143.675 4.31107 -18.8015 143.737 4.4786 -18.0831 164.341 4.31107 -20.5446 164.402 4.4786 -19.8254 198.629 4.31107 -23.3816 198.69 4.4786 -22.6617 232.887 4.31107 -26.3303 232.953 4.4786 -25.6107 267.081 4.31107 -29.5989 267.156 4.4786 -28.8807 301.176 4.31107 -33.3956 301.264 4.4786 -32.6797 342.095 4.31107 -38.9695 342.204 4.4786 -38.2582 382.759 4.31107 -45.9776 382.896 4.4786 -45.2728 416.257 4.31107 -53.1405 416.421 4.4786 -52.4428 449.51 4.36343 -61.7253 416.591 4.52632 -51.7215 449.748 4.65296 -60.8872 416.763 4.46144 -50.9925 449.999 4.74889 -60.0025 416.932 4.29116 -50.272 450.25 4.64595 -59.1193 417.096 4.0227 -49.5761 450.491 4.36264 -58.2723 417.25 3.66327 -48.9208 450.713 3.91857 -57.4882 417.391 3.22008 -48.3222 450.91 3.33336 -56.7941 417.515 2.70033 -47.7964 451.074 2.6266 -56.2167 417.618 2.11124 -47.3595 451.197 1.81792 -55.783 417.696 1.46001 -47.0274 451.272 0.92917 -55.5205 417.746 0.753864 -46.8164 423.58 1.7311e-33 -48.135 395.712 1.7311e-33 -41.8629 384.001 0.753864 -39.5895 339.602 1.7311e-33 -31.9168 343.087 0.753864 -32.5221 301.974 0.753864 -26.9067 343.054 1.46001 -32.7372 301.947 1.46001 -27.1232 343.002 2.11124 -33.0757 301.905 2.11124 -27.4638 342.933 2.70033 -33.5212 301.85 2.70033 -27.9122 342.851 3.22008 -34.0572 301.784 3.22008 -28.4517 342.757 3.66327 -34.6675 301.708 3.66327 -29.0659 342.654 4.0227 -35.3356 301.626 4.0227 -29.7383 342.545 4.29116 -36.0451 301.538 4.29116 -30.4523 342.432 4.46144 -36.7796 301.447 4.46144 -31.1916 342.317 4.52632 -37.5228 301.355 4.52632 -31.9396 -0.149733 4.60502 -0.884402 20.3555 4.52632 -3.61568 40.8293 4.52632 -6.52117 61.3534 4.52632 -9.11864 81.9203 4.52632 -11.4537 102.522 4.52632 -13.5719 123.152 4.52632 -15.519 143.802 4.52632 -17.3404 164.464 4.52632 -19.0818 198.753 4.52632 -21.9175 233.021 4.52632 -24.8667 267.233 4.52632 -28.138 0.00203549 4.72571 0.0120227 20.4668 4.46144 -2.87542 40.9287 4.46144 -5.77868 61.4426 4.46144 -8.37409 82.001 4.46144 -10.7073 102.596 4.46144 -12.8239 123.221 4.46144 -14.7695 143.867 4.46144 -16.5898 164.527 4.46144 -18.3304 198.817 4.46144 -21.1653 233.09 4.46144 -24.1149 267.311 4.46144 -27.3875 0.154853 4.65656 0.914646 20.5769 4.29116 -2.14376 41.027 4.29116 -5.04482 61.5308 4.29116 -7.6382 82.0808 4.29116 -9.96955 102.669 4.29116 -12.0845 123.289 4.29116 -14.0288 143.932 4.29116 -15.848 164.59 4.29116 -17.5877 198.88 4.29116 -20.422 233.158 4.29116 -23.3718 267.389 4.29116 -26.6457 0.302913 4.38547 1.78917 0.438085 3.93673 2.58756 20.6831 4.0227 -1.43704 0.55651 3.33862 3.28705 20.7832 3.66327 -0.771579 20.8746 3.22008 -0.163702 41.2113 3.66327 -3.66851 41.293 3.22008 -3.0588 61.6962 3.66327 -6.25807 61.7695 3.22008 -5.64667 82.2304 3.66327 -8.58597 82.2967 3.22008 -7.97304 102.806 3.66327 -10.6979 102.867 3.22008 -10.0836 123.416 3.66327 -12.6396 123.472 3.22008 -12.0241 144.052 3.66327 -14.4566 144.106 3.22008 -13.8403 164.707 3.66327 -16.1949 164.759 3.22008 -15.5778 198.998 3.66327 -19.0278 199.051 3.22008 -18.4102 233.285 3.66327 -21.9781 233.342 3.22008 -21.3607 267.534 3.66327 -25.2546 267.598 3.22008 -24.6383 0.654697 2.61852 3.86699 20.955 2.70033 0.370263 41.3647 2.70033 -2.52322 61.8339 2.70033 -5.10961 82.3549 2.70033 -7.43464 102.92 2.70033 -9.54404 123.522 2.70033 -11.4835 144.153 2.70033 -13.2989 164.805 2.70033 -15.0358 199.097 2.70033 -17.8677 233.391 2.70033 -20.8184 267.654 2.70033 -24.097 0.729154 1.80381 4.30678 21.0217 2.11124 0.81399 41.4243 2.11124 -2.07816 61.8874 2.11124 -4.66332 82.4033 2.11124 -6.98723 102.964 2.11124 -9.09564 123.563 2.11124 -11.0343 144.192 2.11124 -12.849 164.843 2.11124 -14.5854 199.135 2.11124 -17.4168 233.433 2.11124 -20.3678 267.701 2.11124 -23.6471 0.776389 0.921844 4.58577 21.0724 1.46001 1.15115 41.4696 1.46001 -1.73998 61.928 1.46001 -4.3242 82.44 1.46001 -6.64727 102.998 1.46001 -8.75493 123.594 1.46001 -10.693 144.222 1.46001 -12.5071 164.872 1.46001 -14.2431 199.164 1.46001 -17.0743 233.464 1.46001 -20.0253 267.737 1.46001 -23.3053 21.1046 0.753864 1.36542 41.4984 0.753864 -1.52507 61.9538 0.753864 -4.10869 82.4634 0.753864 -6.43122 103.019 0.753864 -8.53841 123.614 0.753864 -10.476 144.24 0.753864 -12.2899 164.89 0.753864 -14.0256 199.182 0.753864 -16.8566 233.484 0.753864 -19.8077 267.759 0.753864 -23.0881 113.088 1.7311e-33 -9.42782 226.445 1.7311e-33 -19.1052 283.127 1.7311e-33 -24.6462 451.297 8.65551e-34 -55.4306 416.102 4.01651 -53.7984 449.292 3.90561 -62.494 415.96 3.58773 -54.4005 449.099 3.30535 -63.1724 448.938 2.58848 -63.7397 415.839 3.03756 -54.9134 448.815 1.78085 -64.1748 415.749 2.41322 -55.2975 448.734 0.90831 -64.4569 415.687 1.73252 -55.5576 415.654 1.01217 -55.7 382.284 1.73252 -48.4191 382.256 1.01217 -48.5629 341.715 1.73252 -41.4338 341.693 1.01217 -41.5789 300.871 1.73252 -35.8756 300.853 1.01217 -36.0217 266.822 1.73252 -32.0874 266.807 1.01217 -32.234 232.659 1.73252 -28.8233 232.646 1.01217 -28.9701 198.418 1.73252 -25.8754 198.405 1.01217 -26.0223 164.131 1.73252 -23.0362 164.119 1.01217 -23.1829 143.459 1.73252 -21.2903 143.446 1.01217 -21.4369 122.791 1.73252 -19.4629 122.777 1.01217 -19.6093 102.134 1.73252 -17.5085 102.119 1.01217 -17.6546 81.4956 1.73252 -15.3816 415.647 0.268891 -55.7308 448.704 -0.00331252 -64.565 448.728 -0.923867 -64.4793 415.664 -0.480604 -55.6564 448.806 -1.79591 -64.2036 415.705 -1.2196 -55.4828 448.931 -2.59206 -63.7631 415.768 -1.93139 -55.2163 449.096 -3.29238 -63.1837 415.851 -2.59925 -54.8631 415.953 -3.20647 -54.4294 382.421 -2.59925 -47.7176 382.506 -3.20647 -47.2795 341.824 -2.59925 -40.7257 341.892 -3.20647 -40.2835 300.959 -2.59925 -35.1631 301.013 -3.20647 -34.718 266.896 -2.59925 -31.3724 266.943 -3.20647 -30.9259 232.725 -2.59925 -28.107 449.293 -3.87693 -62.4913 416.073 -3.73633 -53.9213 382.605 -3.73633 -46.7663 341.972 -3.73633 -39.7656 301.077 -3.73633 -34.1968 449.514 -4.3258 -61.7118 416.208 -4.17213 -53.3452 382.719 -4.17213 -46.1843 342.062 -4.17213 -39.1782 449.753 -4.61904 -60.8711 416.359 -4.49714 -52.7071 382.844 -4.49714 -45.5398 416.522 -4.69466 -52.0134 450.001 -4.73673 -59.995 417.721 -1.22926 -46.9216 451.259 -0.902005 -55.5643 417.753 -0.62321 -46.7885 384.006 -0.62321 -39.5613 343.092 -0.62321 -32.4936 301.977 -0.62321 -26.878 301.961 -1.22926 -27.0145 267.748 -1.22926 -23.1963 267.762 -0.62321 -23.0593 233.474 -1.22926 -19.9161 233.486 -0.62321 -19.7789 199.173 -1.22926 -16.965 164.892 -0.62321 -13.9968 199.185 -0.62321 -16.8277 82.4665 -0.62321 -6.4026 103.022 -0.62321 -8.50973 123.617 -0.62321 -10.4473 103.009 -1.22926 -8.64629 123.604 -1.22926 -10.5841 61.9573 -0.62321 -4.08015 41.5022 -0.62321 -1.49661 41.484 -1.22926 -1.63215 144.243 -0.62321 -12.2611 144.231 -1.22926 -12.3981 41.1219 4.0227 -4.33597 61.616 4.0227 -6.92739 82.1579 4.0227 -9.25696 102.74 4.0227 -11.3704 123.354 4.0227 -13.3133 143.994 4.0227 -15.1314 164.65 4.0227 -16.8704 198.941 4.0227 -19.7039 233.223 4.0227 -22.654 267.463 4.0227 -25.9293 40.546 4.01651 -8.63668 61.0992 4.01651 -11.24 81.6904 4.01651 -13.5804 102.312 4.01651 -15.7033 122.956 4.01651 -17.6543 143.616 4.01651 -19.4789 164.284 4.01651 -21.2228 198.571 4.01651 -24.0604 232.825 4.01651 -27.0089 267.01 4.01651 -30.2763 301.093 4.01651 -34.0706 341.991 4.01651 -39.6403 382.63 4.01651 -46.6421 40.4638 3.58773 -9.24994 61.0255 3.58773 -11.855 81.6237 3.58773 -14.1969 102.251 3.58773 -16.3211 122.9 3.58773 -18.2733 143.562 3.58773 -20.0989 164.232 3.58773 -21.8434 198.519 3.58773 -24.6816 232.768 3.58773 -27.6299 266.946 3.58773 -30.8962 301.017 3.58773 -34.6884 341.897 3.58773 -40.2541 382.511 3.58773 -47.2503 40.3939 3.03756 -9.77239 60.9627 3.03756 -12.3789 81.5669 3.03756 -14.7221 102.199 3.03756 -16.8475 122.851 3.03756 -18.8006 143.517 3.03756 -20.627 164.187 3.03756 -22.3722 198.474 3.03756 -25.2108 232.72 3.03756 -28.1589 266.891 3.03756 -31.4243 300.952 3.03756 -35.2147 341.816 3.03756 -40.777 382.411 3.03756 -47.7684 40.5292 -3.73633 -8.76188 61.0841 -3.73633 -11.3656 81.6767 -3.73633 -13.7062 102.3 -3.73633 -15.8294 122.945 -3.73633 -17.7807 143.605 -3.73633 -19.6055 164.273 -3.73633 -21.3495 198.561 -3.73633 -24.1872 40.6078 -4.17213 -8.17504 61.1546 -4.17213 -10.7771 81.7405 -4.17213 -13.1163 102.358 -4.17213 -15.2382 122.999 -4.17213 -17.1883 143.657 -4.17213 -19.0123 164.323 -4.17213 -20.7556 198.611 -4.17213 -23.5928 232.868 -4.17213 -26.5414 40.6948 -4.49714 -7.52515 61.2327 -4.49714 -10.1254 81.8112 -4.49714 -12.463 102.423 -4.49714 -14.5834 123.059 -4.49714 -16.5323 143.714 -4.49714 -18.3553 164.379 -4.49714 -20.0979 198.667 -4.49714 -22.9344 232.928 -4.49714 -25.8834 267.128 -4.49714 -29.1528 40.7894 -4.69466 -6.81851 61.3177 -4.69466 -9.4168 81.888 -4.69466 -11.7526 102.493 -4.69466 -13.8715 123.125 -4.69466 -15.8191 143.776 -4.69466 -17.641 164.439 -4.69466 -19.3828 198.728 -4.69466 -22.2186 232.994 -4.69466 -25.1678 267.202 -4.69466 -28.4385 301.318 -4.69466 -32.2391 40.8906 -4.74834 -6.06324 61.4084 -4.74834 -8.65944 81.9701 -4.74834 -10.9933 102.568 -4.74834 -13.1106 123.195 -4.74834 -15.0567 143.842 -4.74834 -16.8775 164.503 -4.74834 -18.6184 198.793 -4.74834 -21.4536 233.063 -4.74834 -24.403 267.281 -4.74834 -27.6751 301.412 -4.74834 -31.4783 342.388 -4.74834 -37.0645 60.9157 2.41322 -12.7711 81.5244 2.41322 -15.1153 102.16 2.41322 -17.2416 122.815 2.41322 -19.1955 143.482 2.41322 -21.0225 164.154 2.41322 -22.768 198.44 2.41322 -25.6071 232.684 2.41322 -28.555 266.85 2.41322 -31.8196 300.904 2.41322 -35.6088 341.756 2.41322 -41.1686 382.335 2.41322 -48.1564 61.941 -1.22926 -4.21608 82.4518 -1.22926 -6.53887 122.774 0.268891 -19.641 143.45 -0.480604 -21.392 164.138 -1.2196 -22.9591 198.447 -1.93139 -25.5233 143.444 0.268891 -21.4687 164.116 0.268891 -23.2148 198.402 0.268891 -26.0542 232.643 0.268891 -29.002 266.803 0.268891 -32.2658 300.849 0.268891 -36.0534 341.688 0.268891 -41.6104 382.25 0.268891 -48.5941 164.881 -1.22926 -14.134 232.65 -0.480604 -28.9252 198.409 -0.480604 -25.9774 164.123 -0.480604 -23.138 232.666 -1.2196 -28.7461 198.424 -1.2196 -25.7983 266.811 -0.480604 -32.1891 300.858 -0.480604 -35.977 341.7 -0.480604 -41.5345 382.265 -0.480604 -48.5189 232.691 -1.93139 -28.4713 266.83 -1.2196 -32.0104 300.88 -1.2196 -35.7989 341.727 -1.2196 -41.3575 382.299 -1.2196 -48.3436 266.858 -1.93139 -31.7361 300.914 -1.93139 -35.5255 341.769 -1.93139 -41.0858 382.351 -1.93139 -48.0744 343.071 -1.22926 -32.6293 383.959 1.46001 -39.8027 383.894 2.11124 -40.138 383.808 2.70033 -40.5794 383.705 3.22008 -41.1105 383.587 3.66327 -41.7152 383.459 4.0227 -42.3771 383.322 4.29116 -43.0801 383.181 4.46144 -43.8079 383.037 4.52632 -44.5442 383.98 -1.22926 -39.6957 56.5448 1.7311e-33 -4.89076 0.542517 -1.83697e-16 3.2044 41.312 0.438054 -2.97691 0.531843 0.633516 3.14135 0.50081 1.24274 2.95806 41.2974 0.8349 -3.08585 0.450902 1.80511 2.66327 41.2742 1.19054 -3.25884 41.2434 1.50497 -3.48886 82.2909 1.19054 -8.17478 82.2659 1.50497 -8.40602 164.774 1.19054 -15.7818 164.755 1.50497 -16.0146 233.339 1.19054 -21.5637 233.318 1.50497 -21.7966 301.759 1.19054 -28.6521 301.731 1.50497 -28.8839 342.828 1.19054 -34.2576 342.793 1.50497 -34.4879 383.682 1.19054 -41.3109 383.638 1.50497 -41.539 417.353 1.19054 -48.5194 417.3 1.50497 -48.7452 450.737 1.80591 -57.4036 417.235 1.7782 -49.0202 450.627 2.29767 -57.7919 417.161 2.01021 -49.3373 450.493 2.7027 -58.2643 416.988 2.35063 -50.0708 450.34 2.99837 -58.8042 416.795 2.52621 -50.8904 450.175 3.15948 -59.3838 450.005 3.19262 -59.9824 416.594 2.53697 -51.7413 449.835 3.10722 -60.5806 416.4 2.38289 -52.5681 449.671 2.91273 -61.1587 449.518 2.61856 -61.6974 416.224 2.06399 -53.3159 449.382 2.23417 -62.177 416.107 1.69943 -53.8104 449.268 1.76897 -62.578 416.058 1.47929 -54.0186 416.016 1.23391 -54.1963 382.568 1.23391 -47.0452 382.539 0.963295 -47.1907 341.914 0.963295 -40.192 341.898 0.667436 -40.3011 301.011 0.667436 -34.7345 301.003 0.346338 -34.8028 232.774 0.346338 -27.7463 232.772 1.7311e-33 -27.7699 164.252 1.7311e-33 -21.9846 164.256 -0.491734 -21.9359 81.63 -0.491734 -14.2878 81.6449 -0.930905 -14.1495 40.4783 -0.930905 -9.20216 40.5074 -1.31751 -8.98516 -0.48766 -1.21286 -2.88038 -0.439417 -1.7758 -2.59543 41.2059 1.7782 -3.7689 0.383611 2.29759 2.26581 41.1626 2.01021 -4.09195 0.301287 2.6847 1.77956 41.0626 2.35063 -4.839 0.207604 2.95615 1.22622 40.9508 2.52621 -5.6739 0.106315 3.11417 0.627956 0.00117168 3.161 0.00692056 40.8347 2.53697 -6.54052 -0.104075 3.09885 -0.614725 40.722 2.38289 -7.38274 -0.205674 2.92996 -1.21482 -0.299872 2.65655 -1.77121 40.62 2.06399 -8.14444 -0.382919 2.28085 -2.26172 40.5525 1.69943 -8.64809 -0.451062 1.80508 -2.66421 40.5241 1.47929 -8.86013 -0.49976 1.24553 -2.95185 40.4999 1.23391 -9.04115 40.4802 0.963295 -9.1878 81.6624 1.23391 -13.9876 81.6465 0.963295 -14.135 164.281 1.23391 -21.6337 164.269 0.963295 -21.7821 232.804 1.23391 -27.4188 232.79 0.963295 -27.5673 301.043 1.23391 -34.477 301.025 0.963295 -34.6247 341.937 1.23391 -40.0453 -0.526496 0.642375 -3.10977 40.4656 0.667436 -9.29671 81.6347 0.667436 -14.2445 164.26 0.667436 -21.8924 232.78 0.667436 -27.6776 40.4566 0.346338 -9.36453 -0.532514 0.0174482 -3.14531 40.4534 1.7311e-33 -9.38788 40.4599 -0.491734 -9.33976 81.6247 1.7311e-33 -14.3362 -0.51913 -0.608034 -3.06626 40.5457 -1.65156 -8.69889 -0.375718 -2.27565 -2.21919 40.6064 -2.00364 -8.24556 -0.297876 -2.6912 -1.75942 40.6773 -2.26893 -7.71596 -0.207208 -3.00121 -1.22388 40.7552 -2.4467 -7.13475 -0.106201 -3.18323 -0.62728 40.8374 -2.53859 -6.52041 -0.00237785 -3.22414 -0.0140448 0.100581 -3.1354 0.594086 40.9213 -2.54461 -5.89403 0.199645 -2.93027 1.17921 41.004 -2.46475 -5.27673 0.291784 -2.62207 1.72343 41.0826 -2.29901 -4.68961 0.373966 -2.22408 2.20884 41.1544 -2.0474 -4.15377 0.443161 -1.74958 2.61755 41.2164 -1.7099 -3.69032 0.496339 -1.21188 2.93164 41.266 -1.28654 -3.32037 0.530468 -0.624252 3.13323 41.2875 -1.00676 -3.1594 41.3036 -0.699082 -3.03959 82.3018 -1.00676 -8.07482 82.3148 -0.699082 -7.95437 164.783 -1.00676 -15.6812 164.793 -0.699082 -15.56 233.348 -1.00676 -21.463 233.36 -0.699082 -21.3417 301.772 -1.00676 -28.552 301.786 -0.699082 -28.4313 342.844 -1.00676 -34.1581 342.862 -0.699082 -34.0382 383.702 -1.00676 -41.2123 383.725 -0.699082 -41.0935 417.376 -1.00676 -48.4218 417.404 -0.699082 -48.3042 450.804 -1.20566 -57.169 450.859 -0.610054 -56.9731 417.421 -0.363495 -48.2308 423.225 1.7311e-33 -49.5931 395.406 1.7311e-33 -43.334 383.739 -0.363495 -41.0193 339.377 1.7311e-33 -33.4073 342.873 -0.363495 -33.9633 301.796 -0.363495 -28.356 41.3136 -0.363495 -2.96483 82.3229 -0.363495 -7.87922 164.799 -0.363495 -15.4843 233.366 -0.363495 -21.266 112.945 1.7311e-33 -10.9286 226.31 1.7311e-33 -20.6124 282.959 1.7311e-33 -26.1485 450.888 8.65551e-34 -56.8736 417.339 -1.28654 -48.5798 450.72 -1.75874 -57.4655 417.253 -1.7099 -48.943 450.611 -2.25111 -57.8495 417.146 -2.0474 -49.398 450.48 -2.66456 -58.3081 417.022 -2.29901 -49.9241 450.333 -2.9809 -58.8282 416.887 -2.46475 -50.5005 450.171 -3.18193 -59.3968 416.744 -2.54461 -51.1066 450 -3.24948 -59.9998 449.83 -3.17433 -60.5981 416.599 -2.53859 -51.7215 449.669 -2.97012 -61.1653 416.457 -2.4467 -52.3247 449.521 -2.65397 -61.6871 416.323 -2.26893 -52.8953 449.39 -2.24303 -62.1492 416.2 -2.00364 -53.4152 449.28 -1.75444 -62.5375 416.095 -1.65156 -53.8603 449.194 -1.20531 -62.8376 416.029 -1.31751 -54.1413 449.138 -0.612788 -63.0353 415.979 -0.930905 -54.3544 449.115 0.00599107 -63.1163 415.947 -0.491734 -54.4895 415.936 1.7311e-33 -54.5367 382.51 -0.491734 -47.3414 382.501 1.7311e-33 -47.3891 341.891 -0.491734 -40.3442 341.884 1.7311e-33 -40.3923 301.006 -0.491734 -34.7778 301 1.7311e-33 -34.8263 232.776 -0.491734 -27.7212 449.129 0.633893 -63.0664 415.941 0.346338 -54.5138 382.505 0.346338 -47.3659 341.887 0.346338 -40.3689 449.182 1.2324 -62.881 415.957 0.667436 -54.4472 382.518 0.667436 -47.2987 415.982 0.963295 -54.3403 450.82 1.24556 -57.1131 417.393 0.8349 -48.3496 383.716 0.8349 -41.1394 342.855 0.8349 -34.0845 301.781 0.8349 -28.4779 233.355 0.8349 -21.3885 164.789 0.8349 -15.6068 82.3097 0.8349 -8.00088 450.87 0.635946 -56.9353 417.418 0.438054 -48.2426 383.737 0.438054 -41.0313 342.872 0.438054 -33.9754 301.794 0.438054 -28.3681 233.365 0.438054 -21.2782 164.798 0.438054 -15.4965 82.3216 0.438054 -7.89137 82.2843 -1.28654 -8.23664 164.769 -1.28654 -15.8441 233.334 -1.28654 -21.626 301.752 -1.28654 -28.7141 342.819 -1.28654 -34.3192 383.67 -1.28654 -41.3719 82.244 -1.7099 -8.60855 164.738 -1.7099 -16.2185 233.299 -1.7099 -22.0006 301.706 -1.7099 -29.0868 342.762 -1.7099 -34.6895 383.599 -1.7099 -41.7388 82.1937 -2.0474 -9.07444 164.698 -2.0474 -16.6875 233.256 -2.0474 -22.4699 301.648 -2.0474 -29.5537 342.69 -2.0474 -35.1534 383.51 -2.0474 -42.1984 82.1354 -2.29901 -9.61311 164.652 -2.29901 -17.2298 233.207 -2.29901 -23.0125 301.582 -2.29901 -30.0934 342.608 -2.29901 -35.6897 383.406 -2.29901 -42.7298 82.0716 -2.46475 -10.2033 164.602 -2.46475 -17.824 233.152 -2.46475 -23.607 301.509 -2.46475 -30.6849 342.517 -2.46475 -36.2774 383.293 -2.46475 -43.3121 82.0045 -2.54461 -10.8239 164.55 -2.54461 -18.4487 233.095 -2.54461 -24.2321 301.433 -2.54461 -31.3067 342.422 -2.54461 -36.8952 383.174 -2.54461 -43.9242 81.9364 -2.53859 -11.4536 164.496 -2.53859 -19.0826 233.037 -2.53859 -24.8663 301.355 -2.53859 -31.9377 342.326 -2.53859 -37.5222 383.054 -2.53859 -44.5454 81.8697 -2.4467 -12.0712 164.444 -2.4467 -19.7044 232.98 -2.4467 -25.4884 301.279 -2.4467 -32.5566 342.231 -2.4467 -38.1371 382.935 -2.4467 -45.1547 81.8065 -2.26893 -12.6554 164.394 -2.26893 -20.2926 232.926 -2.26893 -26.0769 301.207 -2.26893 -33.1421 342.141 -2.26893 -38.7188 382.823 -2.26893 -45.731 81.7489 -2.00364 -13.1878 164.349 -2.00364 -20.8286 232.877 -2.00364 -26.6132 301.141 -2.00364 -33.6756 342.06 -2.00364 -39.2489 382.721 -2.00364 -46.2562 81.6996 -1.65156 -13.6435 164.311 -1.65156 -21.2873 232.835 -1.65156 -27.0722 301.085 -1.65156 -34.1322 341.99 -1.65156 -39.7027 382.634 -1.65156 -46.7058 81.6685 -1.31751 -13.9313 164.286 -1.31751 -21.5771 232.809 -1.31751 -27.3621 301.05 -1.31751 -34.4206 341.946 -1.31751 -39.9892 382.578 -1.31751 -46.9897 81.6273 0.346338 -14.3127 164.254 0.346338 -21.961 81.6821 1.47929 -13.8056 164.297 1.47929 -21.4505 232.821 1.47929 -27.2355 301.065 1.47929 -34.2947 341.965 1.47929 -39.8641 382.602 1.47929 -46.8657 81.7052 1.69943 -13.5925 164.315 1.69943 -21.2359 232.84 1.69943 -27.0208 301.092 1.69943 -34.0811 341.998 1.69943 -39.6518 382.643 1.69943 -46.6554 81.7599 2.06399 -13.0862 164.358 2.06399 -20.7262 232.887 2.06399 -26.5108 301.154 2.06399 -33.5737 342.075 2.06399 -39.1477 382.74 2.06399 -46.156 81.8427 2.38289 -12.3204 164.423 2.38289 -19.9554 232.957 2.38289 -25.7395 301.248 2.38289 -32.8064 342.193 2.38289 -38.3853 382.887 2.38289 -45.4006 81.9342 2.53697 -11.4738 164.495 2.53697 -19.103 233.035 2.53697 -24.8867 301.353 2.53697 -31.958 342.322 2.53697 -37.5423 383.05 2.53697 -44.5654 82.0284 2.52621 -10.6026 164.568 2.52621 -18.226 233.116 2.52621 -24.0091 301.46 2.52621 -31.085 342.456 2.52621 -36.6749 383.217 2.52621 -43.7059 82.1192 2.35063 -9.76329 164.64 2.35063 -17.381 233.193 2.35063 -23.1637 301.564 2.35063 -30.2439 342.585 2.35063 -35.8392 383.378 2.35063 -42.878 82.2004 2.01021 -9.01229 164.703 2.01021 -16.625 233.262 2.01021 -22.4073 301.656 2.01021 -29.4914 342.7 2.01021 -35.0915 383.522 2.01021 -42.1371 82.2355 1.7782 -8.68754 164.731 1.7782 -16.298 233.292 1.7782 -22.0802 301.696 1.7782 -29.166 342.75 1.7782 -34.7682 383.584 1.7782 -41.8167 164.268 -0.930905 -21.7967 232.789 -0.930905 -27.5818 301.023 -0.930905 -34.6392 341.912 -0.930905 -40.2064 382.536 -0.930905 -47.2049 </float_array>
          <technique_common>
            <accessor source="#mesh1-geometry-position-array" count="977" stride="3">
              <param name="X" type="float"/>
              <param name="Y" type="float"/>
              <param name="Z" type="float"/>
            </accessor>
          </technique_common>
        </source>
        <source id="mesh1-geometry-normal">
        <float_array id="mesh1-geometry-normal-array" count="2931">0.124679 -0.489902 0.862816 0.124679 -0.489902 0.862816 0.124679 -0.489902 0.862816 0.15552 -0.111237 0.98155 0.151373 -0.317581 0.936071 0.149759 -0.219968 0.963943 0.14143 -0.494731 0.857461 0.140518 -0.35198 0.9254 0.137652 -0.470661 0.87151 0.123827 -0.470658 0.873583 0.123816 -0.470922 0.873443 0.110559 -0.470922 0.875219 0.110546 -0.471294 0.875021 0.099258 -0.471294 0.876373 0.0992467 -0.471729 0.87614 0.0899333 -0.471729 0.877145 0.0899239 -0.472186 0.8769 0.0825861 -0.472185 0.877623 0.082579 -0.472626 0.877385 0.077214 -0.472625 0.877874 0.0772088 -0.473025 0.87766 0.0738124 -0.473024 0.877952 0.0738088 -0.473356 0.877773 0.0724801 -0.473356 0.877884 0.0724716 -0.473713 0.877692 0.0754924 -0.473714 0.877437 0.0754905 -0.473787 0.877398 0.0838937 -0.473789 0.876633 0.0839005 -0.473571 0.876751 0.097681 -0.473574 0.875321 0.0976999 -0.473091 0.87558 0.119211 -0.473081 0.872917 0.119257 -0.472251 0.873359 0.150027 -0.472243 0.868607 0.150094 -0.471338 0.869087 0.184677 -0.471352 0.862393 0.184732 -0.470755 0.862707 0.222299 -0.470731 0.853812 0.221567 -0.477115 0.850453 0.195493 -0.624973 0.755772 0.195598 -0.624345 0.756264 0.164145 -0.755564 0.634176 0.151256 -0.792771 0.590454 0.124308 -0.868029 0.480702 0.109163 -0.897967 0.426307 0.0756701 -0.953032 0.293264 0.0718753 -0.957363 0.279804 0.0294001 -0.992983 0.114546 0.0247397 -0.992983 0.115644 -0.0146829 -0.997534 -0.0686342 -0.0119257 -0.997534 -0.0691701 -0.0452118 -0.963945 -0.262233 -0.035923 -0.963946 -0.263663 -0.0596726 -0.897003 -0.437978 -0.0489147 -0.897006 -0.439303 -0.0652926 -0.807391 -0.586393 -0.0561367 -0.807388 -0.587344 -0.0675122 -0.704623 -0.706363 -0.0608575 -0.704621 -0.706969 -0.0689543 -0.594641 -0.801029 -0.0663354 -0.59464 -0.801251 -0.0723831 -0.47996 -0.874299 -0.0738161 -0.47996 -0.874179 -0.0784709 -0.36088 -0.929305 -0.0821329 -0.360881 -0.928988 -0.0855872 -0.235663 -0.968059 -0.0915437 -0.235664 -0.967514 -0.0937064 -0.101906 -0.990371 -0.101989 -0.101906 -0.989552 -0.10243 0.0427253 -0.993822 -0.112938 0.0427252 -0.992683 -0.110775 0.199255 -0.973667 -0.123225 0.199254 -0.97217 -0.117046 0.36551 -0.923419 -0.1309 0.365508 -0.921558 -0.118898 0.534034 -0.837061 -0.133606 0.53403 -0.834842 -0.123062 0.656105 -0.744569 0.121977 -0.64377 0.755435 0.12301 -0.624893 0.770959 0.109565 -0.625168 0.772762 0.0978172 -0.625556 0.774023 0.087809 -0.626007 0.774858 0.0795489 -0.626479 0.775368 0.0730384 -0.626938 0.775638 0.068275 -0.62735 0.775739 0.0652544 -0.627693 0.775721 0.0640528 -0.628062 0.775523 0.0667042 -0.62814 0.775236 0.0741282 -0.627916 0.774743 0.0863285 -0.62742 0.77388 0.105412 -0.626552 0.772218 0.132732 -0.625601 0.768769 0.100395 -0.768329 0.632132 0.097247 -0.792687 0.601822 0.0855606 -0.792906 0.603307 0.0763788 -0.793206 0.604145 0.0685527 -0.793554 0.604626 0.0620906 -0.793919 0.604845 0.0569946 -0.794271 0.604884 0.0532627 -0.794589 0.604807 0.0508914 -0.794854 0.604664 0.049934 -0.795137 0.60437 0.0519842 -0.795197 0.604118 0.0577636 -0.795025 0.60382 0.0672805 -0.794644 0.603336 0.0821938 -0.793974 0.60237 0.103562 -0.793241 0.600036 0.0762704 -0.870418 0.486369 0.0696215 -0.89792 0.434617 0.0617786 -0.898047 0.43554 0.0551445 -0.898224 0.436066 0.0494877 -0.898429 0.436321 0.0448154 -0.898644 0.436383 0.0411293 -0.898852 0.436318 0.0384283 -0.899039 0.436179 0.0367097 -0.899194 0.436007 0.0360085 -0.899362 0.43572 0.0374785 -0.899396 0.435524 0.0416424 -0.899295 0.435355 0.0485089 -0.899072 0.435106 0.059283 -0.898676 0.434588 0.0747311 -0.898245 0.433096 0.049134 -0.947898 0.314762 0.0455221 -0.957342 0.285348 0.0405609 -0.9574 0.285903 0.036205 -0.957481 0.286215 0.0324896 -0.957576 0.286345 0.0294199 -0.957674 0.286347 0.0269972 -0.957769 0.286267 0.0252209 -0.957855 0.286142 0.0240892 -0.957927 0.286001 0.0236235 -0.958003 0.285783 0.0245824 -0.958019 0.285649 0.0273102 -0.957973 0.285556 0.0318142 -0.95787 0.285434 0.0388883 -0.957689 0.285165 0.0490373 -0.957491 0.284265 0.0181678 -0.99298 0.116882 0.0179065 -0.993137 0.115581 -0.0107142 -0.997525 -0.0694972 -0.01726 -0.994485 -0.103446 -0.0407736 -0.963649 -0.264041 -0.0497849 -0.94849 -0.31287 -0.0670136 -0.895843 -0.439288 -0.076402 -0.866962 -0.492483 -0.0880049 -0.805159 -0.586493 -0.0972821 -0.760684 -0.641791 -0.104026 -0.701601 -0.704936 -0.118638 -0.591455 -0.797563 -0.113373 -0.591442 -0.798338 -0.113357 -0.591716 -0.798136 -0.101325 -0.591719 -0.799751 -0.101306 -0.592108 -0.799465 -0.0910357 -0.59211 -0.800699 -0.0910183 -0.592564 -0.800364 -0.0825205 -0.592565 -0.801285 -0.082506 -0.593042 -0.800933 -0.0757858 -0.593042 -0.801597 -0.0757745 -0.593504 -0.801256 -0.0708339 -0.593504 -0.801708 -0.0708256 -0.593923 -0.801399 -0.067665 -0.593922 -0.801672 -0.11144 -0.634589 -0.764773 -0.126547 -0.477257 -0.869604 -0.123559 -0.477513 -0.869893 -0.110443 -0.477888 -0.87145 -0.0992464 -0.478325 -0.872557 -0.0899808 -0.478784 -0.87331 -0.0826527 -0.479228 -0.87379 -0.125184 -0.488617 -0.863471 -0.132721 -0.358865 -0.923905 -0.131258 -0.359085 -0.924029 -0.117341 -0.359402 -0.925776 -0.10546 -0.359775 -0.92706 -0.0956286 -0.360163 -0.927975 -0.135917 -0.319717 -0.937714 -0.138048 -0.234476 -0.96227 -0.136717 -0.234632 -0.962422 -0.122234 -0.234858 -0.964314 -0.10987 -0.235122 -0.965736 -0.143205 -0.125182 -0.981744 -0.14304 -0.101491 -0.9845 -0.139919 -0.10156 -0.984941 -0.125103 -0.101662 -0.986921 -0.145614 0.0922386 -0.985032 -0.147667 0.0426027 -0.988119 -0.140517 0.0426307 -0.98916 -0.141598 0.310818 -0.939863 -0.150553 0.198926 -0.968381 -0.117034 0.691529 -0.712805 -0.103947 0.780132 -0.61692 -0.0932118 0.821705 -0.562239 -0.0798616 0.877109 -0.473606 -0.0638167 0.916664 -0.394532 -0.0363199 0.973731 -0.224788 -0.0320041 0.973732 -0.225438 -0.0319769 0.973768 -0.225286 -0.0285853 0.973768 -0.22574 -0.0285499 0.973819 -0.225524 -0.025663 0.973819 -0.22587 -0.0256251 0.973879 -0.225618 -0.0232437 0.973879 -0.225876 -0.0232067 0.973941 -0.225611 -0.02133 0.973941 -0.225796 -0.0212962 0.974001 -0.225539 -0.0199225 0.974001 -0.225665 -0.0198936 0.974055 -0.225435 -0.019021 0.974055 -0.22551 -0.0189974 0.974101 -0.225316 -0.0186449 0.9741 -0.225346 -0.0186232 0.974149 -0.225139 -0.0193732 0.974149 -0.225075 -0.0193685 0.974159 -0.225032 -0.0214926 0.974159 -0.224838 -0.0215076 0.974129 -0.224965 -0.0250103 0.97413 -0.224601 -0.0250476 0.974065 -0.224879 -0.0305411 0.974064 -0.224203 -0.0306157 0.973951 -0.224684 -0.0385123 0.97395 -0.223468 -0.0386131 0.973825 -0.223995 -0.047527 0.973828 -0.222263 -0.0476098 0.973744 -0.222612 -0.0583498 0.973735 -0.220081 -0.0141139 0.997933 -0.0626933 -0.0873928 0.948964 -0.303033 0.0194419 0.996268 0.0840966 -0.0351325 0.994579 -0.0978685 0.0507672 0.974546 0.218365 0.0187575 0.993701 0.110487 0.0808706 0.93618 0.342092 0.0681693 0.951819 0.298988 0.110258 0.882146 0.457889 0.112441 0.877963 0.465336 0.139201 0.811262 0.567871 0.151935 0.776508 0.611516 0.167614 0.720586 0.672801 0.186872 0.647144 0.73911 0.194831 0.606056 0.771192 0.216536 0.486822 0.846237 0.219359 0.463916 0.858291 0.238794 0.293412 0.925682 0.238795 0.293397 0.925686 0.243086 0.235247 0.941046 0.219563 -0.00717898 0.975572 0.200341 0.291134 0.93547 0.169011 -0.249765 0.953443 0.170219 0.0043375 0.985397 0.133414 0.167569 0.976791 0.129326 0.294511 0.946857 0.129289 0.295117 0.946673 0.119768 0.465405 0.876957 0.119693 0.466223 0.876533 0.10746 0.607597 0.786942 0.10735 0.608467 0.786285 0.0935997 0.721964 0.685571 0.0934689 0.722746 0.684764 0.0788695 0.812354 0.577807 0.0787323 0.812978 0.576947 0.0634872 0.882909 0.465232 0.0633585 0.883348 0.464416 0.0473539 0.936631 0.347103 0.0472465 0.93689 0.346417 0.0301835 0.974737 0.221309 0.0301096 0.974846 0.220834 0.0116156 0.996297 0.0851932 0.0115859 0.996313 0.0850016 -0.0473078 0.948519 -0.313167 -0.00473422 0.99792 -0.0642956 -0.00902631 0.997934 -0.0636045 -0.00805772 0.997939 -0.0636688 -0.00723119 0.997943 -0.0636918 -0.00654797 0.997949 -0.063686 -0.00600843 0.997953 -0.0636622 -0.00561247 0.997958 -0.063629 -0.00535975 0.997962 -0.0635933 -0.00525461 0.997965 -0.0635403 -0.00546596 0.997966 -0.0635093 -0.00607091 0.997964 -0.0634919 -0.0136648 0.991268 -0.131151 0.0246607 0.996194 0.0836061 0.0121222 0.99627 0.0854359 0.0108203 0.996277 0.0855226 0.00970956 0.996286 0.0855539 0.00879168 0.996295 0.0855464 0.0080671 0.996304 0.0855147 0.00753561 0.996312 0.0854704 0.00719674 0.996319 0.0854226 0.00705651 0.996326 0.0853515 0.00734185 0.996327 0.0853098 0.00815595 0.996323 0.0852863 0.023102 0.997103 0.0724757 0.0502623 0.974383 0.219205 0.0314799 0.974559 0.221908 0.0280972 0.974609 0.222143 0.0252121 0.974667 0.222235 0.0228286 0.974727 0.222228 0.0209477 0.974786 0.222157 0.0195688 0.974838 0.222052 0.0186905 0.974882 0.221936 0.0183295 0.974929 0.221759 0.0190748 0.974939 0.221654 0.0211932 0.974911 0.221586 0.0599823 0.956269 0.286272 0.0962637 0.874564 0.475259 0.0647744 0.936058 0.345833 0.122573 0.764459 0.632913 0.0790508 0.88203 0.464515 0.102542 0.811058 0.575908 0.0821152 0.811149 0.579046 0.082064 0.811348 0.578775 0.0733129 0.811349 0.579947 0.0732463 0.81163 0.579561 0.0658042 0.81163 0.580453 0.0657324 0.811958 0.580003 0.0596003 0.811958 0.580665 0.0595299 0.812302 0.580191 0.0547049 0.812301 0.580667 0.0546406 0.812634 0.580208 0.0511176 0.812633 0.58053 0.051062 0.812933 0.580114 0.0488354 0.812932 0.580307 0.0487907 0.813181 0.579962 0.0479195 0.813181 0.580035 0.0478785 0.813449 0.579662 0.0498645 0.81345 0.579494 0.0498556 0.813506 0.579416 0.0553831 0.813507 0.578911 0.0554112 0.813343 0.57914 0.133262 0.632607 0.762922 0.114908 0.720418 0.683955 0.0973077 0.720706 0.686378 0.0868577 0.721058 0.687409 0.0779553 0.721469 0.688045 0.0706087 0.721897 0.688388 0.0648188 0.722314 0.688521 0.0605836 0.722688 0.688514 0.0578984 0.722999 0.688419 0.056829 0.723334 0.688155 0.0591866 0.723403 0.687884 0.0657853 0.723201 0.687498 0.147017 0.480222 0.864739 0.126018 0.605927 0.785476 0.111622 0.606207 0.787435 0.0996436 0.606598 0.78874 0.0894422 0.607052 0.789612 0.0810253 0.607528 0.790155 0.074394 0.607989 0.790453 0.0695454 0.608403 0.790575 0.0664742 0.608749 0.790573 0.0652614 0.609121 0.790388 0.067979 0.609201 0.790097 0.0755596 0.608976 0.789581 0.157021 0.305496 0.939157 0.13585 0.463827 0.875448 0.124311 0.46408 0.877027 0.110983 0.46445 0.878618 0.0996347 0.464882 0.879749 0.0902732 0.465336 0.880519 0.0828994 0.465773 0.881013 0.0775097 0.466169 0.881294 0.074099 0.466499 0.881413 0.0727624 0.466851 0.881337 0.0758018 0.466927 0.881041 0.0842547 0.466711 0.880387 0.143507 0.293346 0.945174 0.13415 0.29353 0.94649 0.119779 0.293803 0.948332 0.107545 0.294122 0.949698 0.0974541 0.294455 0.950683 0.0895069 0.29478 0.951364 0.0836999 0.29507 0.951802 0.0800276 0.295314 0.952043 0.0785969 0.295577 0.95208 0.0818873 0.295631 0.951786 0.0910167 0.295471 0.951006 0.0998099 0.345429 0.933122 0.0828631 0.225863 0.970629 0.0970284 -0.0734905 0.992565 0.253267 0.100052 0.962209 -0.10124 0.916688 -0.386566 -0.123305 0.867614 -0.481706 -0.141836 0.82179 -0.551854 -0.159818 0.761392 -0.628283 -0.192582 0.635147 -0.747998 -0.177311 0.691661 -0.700118 -0.218623 0.488542 -0.844707 -0.209663 0.53413 -0.818991 -0.240103 0.3185 -0.91701 -0.233548 0.365341 -0.9011 -0.250202 0.198943 -0.947534 -0.204808 0.198971 -0.958365 -0.204788 0.199283 -0.958305 -0.166284 0.199272 -0.965733 -0.166259 0.199751 -0.965638 -0.13212 0.199753 -0.970898 -0.1321 0.200194 -0.97081 -0.108337 0.200196 -0.973748 -0.108325 0.200452 -0.973696 -0.0931839 0.20045 -0.975262 -0.0931795 0.200558 -0.975241 -0.0840292 0.200557 -0.976072 -0.0840307 0.200519 -0.976079 -0.0808517 0.200518 -0.976348 -0.0808589 0.200331 -0.976386 -0.0824505 0.200331 -0.976253 -0.0824597 0.200158 -0.976287 -0.0862894 0.200158 -0.975956 -0.0863006 0.19995 -0.975998 -0.0922888 0.19995 -0.97545 -0.0923017 0.199717 -0.975497 -0.100447 0.199717 -0.974692 -0.255544 0.0425996 -0.965859 -0.2553 0.122351 -0.959089 -0.25772 -0.0962742 -0.961411 -0.257763 -0.101477 -0.960864 -0.248842 -0.312212 -0.916843 -0.251479 -0.234477 -0.939031 -0.228951 -0.498561 -0.836073 -0.239636 -0.358873 -0.9021 -0.201367 -0.652052 -0.730944 -0.222704 -0.477302 -0.850051 -0.207357 -0.591455 -0.77922 -0.16853 -0.591532 -0.788472 -0.168448 -0.592176 -0.788006 -0.136773 -0.592154 -0.794133 -0.136674 -0.593113 -0.793434 -0.108592 -0.593115 -0.797761 -0.108525 -0.593984 -0.797123 -0.0889766 -0.593991 -0.799536 -0.0889491 -0.594496 -0.799163 -0.0764917 -0.594492 -0.800455 -0.162888 -0.77622 -0.609056 -0.180774 -0.701637 -0.689221 -0.148837 -0.702269 -0.696179 -0.120729 -0.703133 -0.700734 -0.0958347 -0.703945 -0.703759 -0.124522 -0.874733 -0.468333 -0.147966 -0.805214 -0.574228 -0.123856 -0.805687 -0.579248 -0.100434 -0.806374 -0.582816 -0.0816192 -0.948043 -0.307495 -0.108587 -0.895895 -0.430791 -0.0927897 -0.896175 -0.43389 -0.0667494 -0.963663 -0.258646 -0.0309167 -0.991743 -0.124455 0.235705 -0.352029 0.905825 0.23991 -0.31242 0.91915 0.245443 -0.219988 0.94412 0.199334 -0.306514 0.930761 0.170079 0.0409647 0.984579 0.133643 -0.157372 0.978455 0.131972 -0.22135 0.966223 0.108163 -0.221356 0.969176 0.108679 -0.199963 0.973758 0.0928992 -0.22163 0.970696 0.0952708 0.000351048 0.995451 0.0835851 -0.221756 0.971513 0.0828223 -0.227918 0.970152 0.0821951 0.0432567 0.995677 0.0987812 -0.370649 0.923505 0.100335 -0.178561 0.9788 0.093568 -0.0460762 0.994546 0.0913549 -0.220835 0.971023 0.0913573 -0.22109 0.970965 0.111414 -0.139871 0.983882 0.125242 -0.0322825 0.991601 0.122235 -0.220114 0.967785 0.0866351 -0.147916 0.985198 0.0854335 -0.221317 0.971452 0.0661616 0.88206 0.466469 0.0590701 0.882201 0.467154 0.0530178 0.882399 0.467504 0.0480152 0.88263 0.467609 0.0440658 0.882872 0.467541 0.0411697 0.883106 0.467364 0.0393246 0.883317 0.467125 0.0385781 0.883492 0.466855 0.0401321 0.88368 0.466368 0.044565 0.88372 0.465889 -0.0561821 0.916668 -0.395682 -0.0501892 0.916773 -0.396242 -0.045067 0.916922 -0.396515 -0.0408257 0.917094 -0.396574 -0.0374703 0.917275 -0.396488 -0.0350018 0.91745 -0.39631 -0.0334198 0.917607 -0.396081 -0.0327587 0.917737 -0.395835 -0.0340353 0.917879 -0.395399 -0.037753 0.917909 -0.394991 -0.0439245 0.917824 -0.39455 -0.0536281 0.917632 -0.393796 -0.0676118 0.9173 -0.392414 -0.0801252 0.821726 -0.564222 -0.0715931 0.821918 -0.565088 -0.0643018 0.822189 -0.565571 -0.0582646 0.822504 -0.565767 -0.0534877 0.822835 -0.565758 -0.0499734 0.823153 -0.565616 -0.0477212 0.82344 -0.565393 -0.0467787 0.82368 -0.565122 -0.0486013 0.823937 -0.564593 -0.0539036 0.823993 -0.56403 -0.0627025 0.823839 -0.563345 -0.0765355 0.823486 -0.562151 -0.096459 0.822881 -0.559967 -0.101572 0.691549 -0.715152 -0.0907759 0.691809 -0.716352 -0.0815522 0.692176 -0.717106 -0.0739158 0.692603 -0.717522 -0.0678737 0.693049 -0.717688 -0.0634284 0.693482 -0.717677 -0.06058 0.693873 -0.717545 -0.0593889 0.694196 -0.717332 -0.0617056 0.694547 -0.716796 -0.0684311 0.694623 -0.716112 -0.0795857 0.694412 -0.715163 -0.0971148 0.693932 -0.713461 -0.122344 0.693113 -0.71037 -0.100176 -0.70159 -0.705504 -0.0895146 -0.701847 -0.70668 -0.0804084 -0.70221 -0.707415 -0.0728719 -0.702631 -0.707813 -0.0669117 -0.703072 -0.707964 -0.0625297 -0.703498 -0.707941 -0.0597254 -0.703883 -0.7078 -0.0585607 -0.704204 -0.707578 -0.0833636 -0.805149 -0.587184 -0.0744765 -0.805353 -0.588098 -0.066885 -0.805641 -0.588616 -0.060602 -0.805975 -0.588839 -0.0556334 -0.806325 -0.58885 -0.0519808 -0.806665 -0.588719 -0.0496436 -0.806969 -0.588504 -0.0486737 -0.807223 -0.588236 -0.0505865 -0.807496 -0.587699 -0.0624533 -0.895838 -0.439971 -0.055784 -0.895965 -0.440607 -0.0500861 -0.896145 -0.440927 -0.0453705 -0.896353 -0.441013 -0.0416419 -0.896572 -0.440937 -0.0389013 -0.896782 -0.440759 -0.0371477 -0.896973 -0.440522 -0.0364211 -0.897131 -0.44026 -0.0378536 -0.897302 -0.439791 -0.0420007 -0.897338 -0.439342 -0.0375425 -0.963647 -0.264526 -0.0335269 -0.963697 -0.264885 -0.0300961 -0.963767 -0.265043 -0.0272569 -0.963848 -0.265055 -0.0250124 -0.963933 -0.264968 -0.023363 -0.964015 -0.26482 -0.0223081 -0.964088 -0.264643 -0.0218721 -0.96415 -0.264456 -0.022734 -0.964216 -0.264142 -0.0252285 -0.96423 -0.263864 -0.0293629 -0.96419 -0.263582 -0.00987923 -0.997524 -0.0696227 -0.00882115 -0.997528 -0.0697139 -0.00791723 -0.997533 -0.0697508 -0.00716934 -0.997539 -0.0697486 -0.00657826 -0.997545 -0.0697199 -0.0061441 -0.997551 -0.0696755 -0.0058666 -0.997556 -0.0696237 -0.00575237 -0.99756 -0.0695704 -0.00597993 -0.997565 -0.0694834 -0.00663725 -0.997566 -0.069409 -0.00772618 -0.997563 -0.0693371 -0.00943645 -0.997557 -0.0692186 -0.106234 0.534695 -0.838341 -0.0955052 0.534697 -0.83963 -0.0865848 0.535149 -0.840309 -0.0795271 0.535623 -0.840704 -0.0743353 0.536082 -0.840887 -0.0710099 0.536496 -0.84091 -0.0696209 0.536842 -0.840805 -0.0723427 0.537213 -0.840338 -0.0802231 0.537292 -0.839572 -0.0932831 0.537069 -0.838364 -0.113797 0.536564 -0.836151 -0.143299 0.535694 -0.832164 0.117285 -0.352191 0.92855 0.105305 -0.352506 0.929866 -0.0941131 0.0428294 -0.99464 -0.0876174 -0.10203 -0.990915 -0.0817778 -0.235905 -0.968329 -0.0769482 -0.361163 -0.929323 -0.0880001 0.0428294 -0.995199 -0.0840868 0.0428759 -0.995536 -0.0824569 0.0429131 -0.99567 -0.0856938 0.0429582 -0.995395 -0.0950235 0.0429652 -0.994547 -0.110466 0.0429352 -0.992952 -0.134704 0.0428775 -0.989958 -0.169521 0.0427906 -0.984597 0.0816874 -0.221507 0.971731 -0.0853225 -0.10235 -0.991082 -0.0853222 -0.102329 -0.991085 -0.0820984 -0.102229 -0.991367 -0.083342 -0.236369 -0.968082 -0.0833419 -0.236324 -0.968093 -0.0946132 -0.102351 -0.990239 -0.109991 -0.10229 -0.988655 -0.134127 -0.102149 -0.985685 -0.168797 -0.101929 -0.980366 -0.0799698 -0.361533 -0.928923 -0.0924205 -0.236371 -0.967258 -0.107448 -0.23624 -0.965736 -0.131035 -0.235945 -0.962891 -0.164922 -0.235435 -0.957795 -0.0886865 -0.361535 -0.928131 -0.103116 -0.36135 -0.926711 -0.125766 -0.360936 -0.924071 -0.158315 -0.360223 -0.919334 0.126558 -0.354015 0.926637 0.162659 0.294506 0.941705 0.150633 0.465397 0.87219 0.135151 0.607589 0.782669 0.117719 0.721957 0.68185 0.0991933 0.812348 0.574674 0.0798483 0.882906 0.462711 0.0595586 0.936629 0.345223 0.0379639 0.974736 0.220111 0.0146104 0.996297 0.0847322 0.159236 -0.353309 0.921855 -0.119905 -0.545485 -0.829499 -0.119905 -0.545485 -0.829499 -0.119905 -0.545485 -0.829499 -0.148091 -0.100408 -0.983864 -0.14328 -0.291824 -0.94568 -0.143843 -0.266874 -0.952936 -0.133991 -0.469382 -0.872769 -0.135376 -0.440502 -0.887486 -0.124266 -0.593752 -0.794995 -0.0957487 -0.593807 -0.79889 -0.0956837 -0.594659 -0.798264 -0.0738353 -0.594638 -0.800596 -0.0737276 -0.596369 -0.799317 -0.0674494 -0.596381 -0.799862 -0.0674246 -0.59683 -0.79953 -0.0826859 -0.596812 -0.798109 -0.0827379 -0.596063 -0.798663 -0.108582 -0.5961 -0.795534 -0.108659 -0.595234 -0.796172 -0.136708 -0.595228 -0.791843 -0.136818 -0.59427 -0.792543 -0.168365 -0.594287 -0.786433 -0.168454 -0.593655 -0.786891 -0.196706 -0.593688 -0.780283 -0.168226 -0.718721 -0.674641 -0.187184 -0.634255 -0.750122 -0.135484 -0.814589 -0.563994 -0.149695 -0.771177 -0.618771 -0.0887474 -0.911299 -0.402067 -0.102065 -0.884432 -0.45537 -0.0338113 -0.978859 -0.201722 -0.0466144 -0.965761 -0.255211 0.00454992 -0.998389 -0.0565587 0.0155956 -0.999745 -0.0163117 0.0507667 -0.990602 0.127004 0.0617517 -0.983721 0.168757 0.091108 -0.951397 0.294182 0.129436 -0.88527 0.446703 0.1081 -0.923394 0.368318 0.161435 -0.791929 0.588886 0.154483 -0.812251 0.56248 0.191676 -0.667344 0.719662 0.184742 -0.696662 0.693204 0.205137 -0.596812 0.775715 0.167742 -0.596874 0.784605 0.183392 -0.480139 0.857807 0.148926 -0.48012 0.864469 0.159081 -0.34927 0.92342 0.126408 -0.349272 0.928456 0.131908 -0.20956 0.968857 0.100591 -0.209541 0.972612 0.102634 -0.0683989 0.992365 0.083936 -0.0684018 0.994121 0.0837207 0.0988904 0.99157 0.0917173 0.0988871 0.990863 0.0878657 0.301994 0.949252 0.113748 0.302007 0.946495 0.10383 0.492726 0.863968 0.129402 0.492712 0.860517 0.132178 0.456645 0.879775 -0.108851 -0.718761 -0.686684 -0.121046 -0.633384 -0.764312 -0.0949646 -0.814534 -0.572291 -0.100523 -0.786614 -0.609207 -0.0732934 -0.911199 -0.405395 -0.0769693 -0.900216 -0.428588 -0.0441888 -0.978813 -0.199934 -0.0520072 -0.967672 -0.246793 -0.0252937 -0.997163 -0.0709019 -0.016906 -0.999806 -0.0101451 0.000724496 -0.995052 0.0993558 0.0123106 -0.983892 0.178341 0.0272895 -0.963439 0.266533 0.0532473 -0.899757 0.43313 0.045895 -0.923622 0.380547 0.0814768 -0.797861 0.59731 0.0785729 -0.812523 0.57761 0.107965 -0.65106 0.751308 0.101805 -0.6969 0.709906 0.128988 -0.46222 0.877334 0.117687 -0.597039 0.793532 0.128771 -0.479685 0.86794 0.104688 -0.479688 0.871172 0.104641 -0.480505 0.870727 0.0808181 -0.480487 0.87327 0.0807409 -0.482153 0.872358 0.0737021 -0.482166 0.872974 0.0736844 -0.482595 0.872738 0.0901116 -0.482578 0.871205 0.0901492 -0.481849 0.871605 0.11822 -0.481886 0.868222 0.143674 -0.256605 0.955778 0.140112 -0.348129 0.926917 0.111829 -0.348821 0.930494 0.0863308 -0.350186 0.932693 0.0787927 -0.350556 0.933222 0.146088 -0.208373 0.967077 0.150214 -0.0575892 0.986975 0.150198 -0.067859 0.986324 0.149886 0.0982271 0.983812 0.118752 0.0982341 0.988053 0.149747 0.127126 0.980518 0.109484 0.654026 0.748507 0.115288 0.606712 0.786517 0.0835925 0.792409 0.604235 0.0919605 0.746441 0.659066 0.054922 0.895675 0.441306 0.0625828 0.868307 0.492064 0.0287262 0.956944 0.288847 0.0284924 0.957425 0.287272 0.0056135 0.989091 0.147196 -0.00598149 0.997696 0.0675786 -0.0385829 0.989694 -0.137901 -0.0126745 0.999856 0.0113008 -0.0645986 0.945086 -0.320372 -0.0309594 0.991779 -0.124161 -0.0858916 0.873101 -0.479914 -0.0493232 0.962926 -0.265217 -0.103645 0.777669 -0.620071 -0.0689038 0.90654 -0.416457 -0.118879 0.657893 -0.74367 -0.0902615 0.810788 -0.578339 -0.132023 0.509678 -0.850175 -0.112523 0.661266 -0.741664 -0.142574 0.328571 -0.933656 -0.127364 0.501988 -0.855445 -0.138668 0.365638 -0.92037 -0.110755 0.365651 -0.924139 -0.110716 0.366354 -0.923865 -0.0854464 0.366336 -0.926551 -0.0853884 0.367767 -0.925989 -0.0781373 0.367778 -0.926625 -0.078123 0.368151 -0.926478 -0.0958163 0.368135 -0.924822 -0.0958445 0.367519 -0.925064 -0.125775 0.367551 -0.921459 -0.12582 0.366823 -0.921743 -0.158275 0.366817 -0.91673 -0.158334 0.366029 -0.917035 -0.194819 0.366043 -0.909977 -0.194868 0.365514 -0.910179 -0.2336 0.365498 -0.901023 -0.238158 0.323433 -0.91579 -0.245281 0.219181 -0.94435 -0.234882 0.346499 -0.908168 -0.21702 -0.150069 -0.964563 -0.187788 0.442089 -0.877094 -0.144876 -0.557093 -0.817715 -0.168744 -0.128095 -0.977301 -0.132238 0.209927 -0.968733 -0.144059 0.21926 -0.964973 -0.116077 0.219726 -0.968631 -0.0895564 0.220655 -0.971232 -0.0819472 0.220906 -0.971846 -0.090226 0.530588 -0.842814 -0.0804333 0.326981 -0.941602 -0.0967908 -0.0982289 -0.990446 -0.250938 0.167144 -0.953464 -0.21617 0.50184 -0.837513 -0.218279 0.486674 -0.845874 -0.184241 0.661157 -0.727273 -0.190849 0.629686 -0.753042 -0.138694 0.810761 -0.568709 -0.156166 0.755254 -0.636556 -0.0932454 0.906564 -0.411639 -0.113975 0.862841 -0.492458 -0.0510829 0.962937 -0.264844 -0.0641844 0.946439 -0.31644 -0.0127571 0.991733 -0.12768 -0.00808926 0.994005 -0.109033 0.050542 0.992609 0.110328 0.0204528 0.999779 0.004965 0.101269 0.944852 0.311448 0.0524098 0.988998 0.138337 0.142205 0.863953 0.483077 0.0847521 0.956799 0.278125 0.174629 0.759915 0.626126 0.1193 0.895488 0.428799 0.200508 0.63682 0.744485 0.156681 0.792202 0.589802 0.221406 0.493888 0.840865 0.189837 0.653849 0.732423 0.238601 0.327611 0.914189 0.215977 0.492583 0.843039 0.249736 0.134833 0.958881 0.235784 0.301304 0.923917 0.249123 0.0981826 0.963482 0.208043 0.0981862 0.973179 0.208037 0.0983535 0.973163 0.168941 0.0983479 0.980707 0.168934 0.0985961 0.980683 0.134244 0.0985966 0.986031 0.134238 0.0988142 0.98601 0.102372 0.0988048 0.989827 0.249513 -0.0823176 0.964866 0.249525 -0.0678367 0.965989 0.208569 -0.0679306 0.975646 0.169369 -0.0681229 0.983196 0.240035 -0.306396 0.921143 0.243967 -0.208304 0.947148 0.204454 -0.208647 0.956381 0.236214 -0.348001 0.907248 -0.21823 -0.474289 -0.852892 -0.22262 -0.44039 -0.869769 -0.187898 -0.44097 -0.877633 -0.152632 -0.441826 -0.884021 -0.121275 -0.442641 -0.88846 -0.092376 -0.443306 -0.891598 -0.075334 -0.442911 -0.893395 -0.0824014 -0.441294 -0.893571 -0.239363 -0.290065 -0.926589 -0.240911 -0.266777 -0.933162 -0.201746 -0.26719 -0.942289 -0.163931 -0.267793 -0.949428 -0.13029 -0.268365 -0.954466 -0.0992649 -0.268826 -0.95806 -0.0809368 -0.268548 -0.95986 -0.0884761 -0.26742 -0.959509 -0.102923 0.501993 -0.858726 -0.0793858 0.502803 -0.860748 -0.0725512 0.504511 -0.860352 -0.0889478 0.504928 -0.858566 -0.116783 0.504224 -0.85564 -0.147 0.503375 -0.851472 -0.0892836 0.661287 -0.744801 -0.0688416 0.662091 -0.746255 -0.0628526 0.663778 -0.745284 -0.0770273 0.664194 -0.743582 -0.101162 0.663504 -0.741302 -0.127394 0.662657 -0.738009 -0.0696776 0.810827 -0.581124 -0.0537026 0.811426 -0.581983 -0.0489727 0.812682 -0.580646 -0.0599892 0.812989 -0.57918 -0.0788132 0.812477 -0.577642 -0.0993018 0.811847 -0.575363 -0.0502491 0.906602 -0.418984 -0.0387177 0.90695 -0.419455 -0.0352741 0.907678 -0.418182 -0.0431899 0.907857 -0.41705 -0.0567555 0.907561 -0.416068 -0.0715393 0.907194 -0.414585 -0.0320958 0.96301 -0.267548 -0.0247269 0.963161 -0.267788 -0.0225117 0.963476 -0.266849 -0.0275526 0.963552 -0.266097 -0.0362109 0.963424 -0.265523 -0.0456553 0.963266 -0.264638 -0.0151545 0.991877 -0.126291 -0.0116747 0.991912 -0.126389 -0.0106236 0.991984 -0.125914 -0.0129977 0.992002 -0.125551 -0.0170827 0.991973 -0.125294 -0.0215415 0.991937 -0.124892 0.0011346 0.999955 0.00945252 0.000874122 0.999955 0.00945951 0.000795166 0.999955 0.00942332 0.000972558 0.999955 0.00939606 0.00127815 0.999955 0.00937707 0.0016119 0.999955 0.00934747 0.0174839 0.989186 0.14562 0.0134719 0.989232 0.145735 0.0122532 0.989328 0.145192 0.0149827 0.989351 0.144776 0.0196882 0.989312 0.144478 0.0248284 0.989264 0.144013 0.0345965 0.956983 0.288073 0.0266636 0.957157 0.288339 0.024253 0.95752 0.287346 0.0296491 0.957609 0.286542 0.0389531 0.957462 0.285919 0.0491185 0.957279 0.284965 0.0530418 0.895666 0.441553 0.0408925 0.896048 0.442069 0.0372069 0.896847 0.440774 0.0454793 0.897042 0.439598 0.0597348 0.896717 0.438556 0.0753048 0.896318 0.436971 0.0727708 0.792385 0.605665 0.0561274 0.793022 0.606602 0.0510999 0.794354 0.605302 0.0624595 0.794682 0.603804 0.0820061 0.794138 0.602179 0.103344 0.793467 0.599775 0.0902535 0.65402 0.751074 0.0696446 0.654828 0.752562 0.0634569 0.656522 0.751633 0.0775702 0.65694 0.749942 0.101804 0.656248 0.747646 0.128237 0.655396 0.744319 0.119053 -0.0678637 0.990566 0.091957 -0.0680123 0.993438 0.0957043 -0.597042 0.79648 0.0738609 -0.597873 0.798181 0.0673236 -0.599613 0.797453 0.0823085 -0.600042 0.795723 0.10801 -0.599328 0.793183 0.136031 -0.598455 0.789523 0.0855527 -0.696882 0.712064 0.0660057 -0.697657 0.713385 0.0601333 -0.69928 0.712314 0.0735147 -0.699679 0.710665 0.0964956 -0.699019 0.708562 0.121564 -0.698204 0.705502 0.0695258 -0.812498 0.578803 0.0536166 -0.813094 0.579659 0.0488174 -0.814341 0.57833 0.0596835 -0.814648 0.576877 0.0783714 -0.814139 0.575356 0.0987675 -0.813514 0.573096 0.0456985 -0.923621 0.380572 0.0352229 -0.923914 0.380976 0.0320517 -0.924526 0.37977 0.0391921 -0.924675 0.378734 0.0514872 -0.924426 0.377869 0.0649127 -0.924119 0.37655 0.0212642 -0.983953 0.177154 0.0163836 -0.984021 0.177297 0.0149058 -0.984162 0.176644 0.0182315 -0.984196 0.176139 0.0239587 -0.984139 0.175773 0.0302125 -0.984068 0.175205 -0.00146553 -0.999924 -0.0122143 -0.00112894 -0.999925 -0.0122233 -0.00102731 -0.999925 -0.0121765 -0.001257 -0.999925 -0.0121412 -0.00165215 -0.999925 -0.0121167 -0.00208344 -0.999925 -0.0120783 -0.0243028 -0.978954 -0.202627 -0.0187206 -0.979042 -0.202795 -0.017044 -0.979226 -0.202055 -0.0208643 -0.979271 -0.201478 -0.0274239 -0.979196 -0.201054 -0.0345782 -0.979104 -0.200399 -0.0490041 -0.911346 -0.408715 -0.0377544 -0.911679 -0.409166 -0.0344032 -0.912375 -0.407908 -0.0421352 -0.912546 -0.406797 -0.055375 -0.912262 -0.405847 -0.0697977 -0.911913 -0.404405 -0.069032 -0.814642 -0.575841 -0.0532012 -0.815234 -0.576684 -0.0485217 -0.816471 -0.575344 -0.0594475 -0.816773 -0.573888 -0.0781058 -0.81627 -0.572366 -0.0984096 -0.81565 -0.570115 0.0801555 0.493532 0.866026 0.0730889 0.495229 0.865682 0.0893536 0.495647 0.863916 0.117225 0.494953 0.860976 0.147601 0.494104 0.856782 </float_array>
          <technique_common>
            <accessor source="#mesh1-geometry-normal-array" count="977" stride="3">
              <param name="X" type="float"/>
              <param name="Y" type="float"/>
              <param name="Z" type="float"/>
            </accessor>
          </technique_common>
        </source>
        <source id="mesh1-geometry-color">
        <float_array id="mesh1-geometry-color-array" count="3908">1 1 1 1 1 1 1 1 1 1 1 1 1 1 1 1 1 1 1 1 1 1 1 1 1 1 1 1 1 1 1 1 1 1 1 1 1 1 1 1 1 1 1 1 1 1 1 1 1 1 1 1 1 1 1 1 1 1 1 1 1 1 1 1 1 1 1 1 1 1 1 1 1 1 1 1 1 1 1 1 1 1 1 1 1 1 1 1 1 1 1 1 1 1 1 1 1 1 1 1 1 1 1 1 1 1 1 1 1 1 1 1 1 1 1 1 1 1 1 1 1 1 1 1 1 1 1 1 1 1 1 1 1 1 1 1 1 1 1 1 1 1 1 1 1 1 1 1 1 1 1 1 1 1 1 1 1 1 1 1 1 1 1 1 1 1 1 1 1 1 1 1 1 1 1 1 1 1 1 1 1 1 1 1 1 1 1 1 1 1 1 1 1 1 1 1 1 1 1 1 1 1 1 1 1 1 1 1 1 1 1 1 1 1 1 1 1 1 1 1 1 1 1 1 1 1 1 1 1 1 1 1 1 1 1 1 1 1 1 1 1 1 1 1 1 1 1 1 1 1 1 1 1 1 1 1 1 1 1 1 1 1 1 1 1 1 1 1 1 1 1 1 1 1 1 1 1 1 1 1 1 1 1 1 1 1 1 1 1 1 1 1 1 1 1 1 1 1 1 1 1 1 1 1 1 1 1 1 1 1 1 1 1 1 1 1 1 1 1 1 1 1 1 1 1 1 1 1 1 1 1 1 1 1 1 1 1 1 1 1 1 1 1 1 1 1 1 1 1 1 1 1 1 1 1 1 1 1 1 1 1 1 1 1 1 1 1 1 1 1 1 1 1 1 1 1 1 1 1 1 1 1 1 1 1 1 1 1 1 1 1 1 1 1 1 1 1 1 1 1 1 1 1 1 1 1 1 1 1 1 1 1 1 1 1 1 1 1 1 1 1 1 1 1 1 1 1 1 1 1 1 1 1 1 1 1 1 1 1 1 1 1 1 1 1 1 1 1 1 1 1 1 1 1 1 1 1 1 1 1 1 1 1 1 1 1 1 1 1 1 1 1 1 1 1 1 1 1 1 1 1 1 1 1 1 1 1 1 1 1 1 1 1 1 1 1 1 1 1 1 1 1 1 1 1 1 1 1 1 1 1 1 1 1 1 1 1 1 1 1 1 1 1 1 1 1 1 1 1 1 1 1 1 1 1 1 1 1 1 1 1 1 1 1 1 1 1 1 1 1 1 1 1 1 1 1 1 1 1 1 1 1 1 1 1 1 1 1 1 1 1 1 1 1 1 1 1 1 1 1 1 1 1 1 1 1 1 1 1 1 1 1 1 1 1 1 1 1 1 1 1 1 1 1 1 1 1 1 1 1 1 1 1 1 1 1 1 1 1 1 1 1 1 1 1 1 1 1 1 1 1 1 1 1 1 1 1 1 1 1 1 1 1 1 1 1 1 1 1 1 1 1 1 1 1 1 1 1 1 1 1 1 1 1 1 1 1 1 1 1 1 1 1 1 1 1 1 1 1 1 1 1 1 1 1 1 1 1 1 1 1 1 1 1 1 1 1 1 1 1 1 1 1 1 1 1 1 1 1 1 1 1 1 1 1 1 1 1 1 1 1 1 1 1 1 1 1 1 1 1 1 1 1 1 1 1 1 1 1 1 1 1 1 1 1 1 1 1 1 1 1 1 1 1 1 1 1 1 1 1 1 1 1 1 1 1 1 1 1 1 1 1 1 1 1 1 1 1 1 1 1 1 1 1 1 1 1 1 1 1 1 1 1 1 1 1 1 1 1 1 1 1 1 1 1 1 1 1 1 1 1 1 1 1 1 1 1 1 1 1 1 1 1 1 1 1 1 1 1 1 1 1 1 1 1 1 1 1 1 1 1 1 1 1 1 1 1 1 1 1 1 1 1 1 1 1 1 1 1 1 1 1 1 1 1 1 1 1 1 1 1 1 1 1 1 1 1 1 1 1 1 1 1 1 1 1 1 1 1 1 1 1 1 1 1 1 1 1 1 1 1 1 1 1 1 1 1 1 1 1 1 1 1 1 1 1 1 1 1 1 1 1 1 1 1 1 1 1 1 1 1 1 1 1 1 1 1 1 1 1 1 1 1 1 1 1 1 1 1 1 1 1 1 1 1 1 1 1 1 1 1 1 1 1 1 1 1 1 1 1 1 1 1 1 1 1 1 1 1 1 1 1 1 1 1 1 1 1 1 1 1 1 1 1 1 1 1 1 1 1 1 1 1 1 1 1 1 1 1 1 1 1 1 1 1 1 1 1 1 1 1 1 1 1 1 1 1 1 1 1 1 1 1 1 1 1 1 1 1 1 1 1 1 1 1 1 1 1 1 1 1 1 1 1 1 1 1 1 1 1 1 1 1 1 1 1 1 1 1 1 1 1 1 1 1 1 1 1 1 1 1 1 1 1 1 1 1 1 1 1 1 1 1 1 1 1 1 1 1 1 1 1 1 1 1 1 1 1 1 1 1 1 1 1 1 1 1 1 1 1 1 1 1 1 1 1 1 1 1 1 1 1 1 1 1 1 1 1 1 1 1 1 1 1 1 1 1 1 1 1 1 1 1 1 1 1 1 1 1 1 1 1 1 1 1 1 1 1 1 1 1 1 1 1 1 1 1 1 1 1 1 1 1 1 1 1 1 1 1 1 1 1 1 1 1 1 1 1 1 1 1 1 1 1 1 1 1 1 1 1 1 1 1 1 1 1 1 1 1 1 1 1 1 1 1 1 1 1 1 1 1 1 1 1 1 1 1 1 1 1 1 1 1 1 1 1 1 1 1 1 1 1 1 1 1 1 1 1 1 1 1 1 1 1 1 1 1 1 1 1 1 1 1 1 1 1 1 1 1 1 1 1 1 1 1 1 1 1 1 1 1 1 1 1 1 1 1 1 1 1 1 1 1 1 1 1 1 1 1 1 1 1 1 1 1 1 1 1 1 1 1 1 1 1 1 1 1 1 1 1 1 1 1 1 1 1 1 1 1 1 1 1 1 1 1 1 1 1 1 1 1 1 1 1 1 1 1 1 1 1 1 1 1 1 1 1 1 1 1 1 1 1 1 1 1 1 1 1 1 1 1 1 1 1 1 1 1 1 1 1 1 1 1 1 1 1 1 1 1 1 1 1 1 1 1 1 1 1 1 1 1 1 1 1 1 1 1 1 1 1 1 1 1 1 1 1 1 1 1 1 1 1 1 1 1 1 1 1 1 1 1 1 1 1 1 1 1 1 1 1 1 1 1 1 1 1 1 1 1 1 1 1 1 1 1 1 1 1 1 1 1 1 1 1 1 1 1 1 1 1 1 1 1 1 1 1 1 1 1 1 1 1 1 1 1 1 1 1 1 1 1 1 1 1 1 1 1 1 1 1 1 1 1 1 1 1 1 1 1 1 1 1 1 1 1 1 1 1 1 1 1 1 1 1 1 1 1 1 1 1 1 1 1 1 1 1 1 1 1 1 1 1 1 1 1 1 1 1 1 1 1 1 1 1 1 1 1 1 1 1 1 1 1 1 1 1 1 1 1 1 1 1 1 1 1 1 1 1 1 1 1 1 1 1 1 1 1 1 1 1 1 1 1 1 1 1 1 1 1 1 1 1 1 1 1 1 1 1 1 1 1 1 1 1 1 1 1 1 1 1 1 1 1 1 1 1 1 1 1 1 1 1 1 1 1 1 1 1 1 1 1 1 1 1 1 1 1 1 1 1 1 1 1 1 1 1 1 1 1 1 1 1 1 1 1 1 1 1 1 1 1 1 1 1 1 1 1 1 1 1 1 1 1 1 1 1 1 1 1 1 1 1 1 1 1 1 1 1 1 1 1 1 1 1 1 1 1 1 1 1 1 1 1 1 1 1 1 1 1 1 1 1 1 1 1 1 1 1 1 1 1 1 1 1 1 1 1 1 1 1 1 1 1 1 1 1 1 1 1 1 1 1 1 1 1 1 1 1 1 1 1 1 1 1 1 1 1 1 1 1 1 1 1 1 1 1 1 1 1 1 1 1 1 1 1 1 1 1 1 1 1 1 1 1 1 1 1 1 1 1 1 1 1 1 1 1 1 1 1 1 1 1 1 1 1 1 1 1 1 1 1 1 1 1 1 1 1 1 1 1 1 1 1 1 1 1 1 1 1 1 1 1 1 1 1 1 1 1 1 1 1 1 1 1 1 1 1 1 1 1 1 1 1 1 1 1 1 1 1 1 1 1 1 1 1 1 1 1 1 1 1 1 1 1 1 1 1 1 1 1 1 1 1 1 1 1 1 1 1 1 1 1 1 1 1 1 1 1 1 1 1 1 1 1 1 1 1 1 1 1 1 1 1 1 1 1 1 1 1 1 1 1 1 1 1 1 1 1 1 1 1 1 1 1 1 1 1 1 1 1 1 1 1 1 1 1 1 1 1 1 1 1 1 1 1 1 1 1 1 1 1 1 1 1 1 1 1 1 1 1 1 1 1 1 1 1 1 1 1 1 1 1 1 1 1 1 1 1 1 1 1 1 1 1 1 1 1 1 1 1 1 1 1 1 1 1 1 1 1 1 1 1 1 1 1 1 1 1 1 1 1 1 1 1 1 1 1 1 1 1 1 1 1 1 1 1 1 1 1 1 1 1 1 1 1 1 1 1 1 1 1 1 1 1 1 1 1 1 1 1 1 1 1 1 1 1 1 1 1 1 1 1 1 1 1 1 1 1 1 1 1 1 1 1 1 1 1 1 1 1 1 1 1 1 1 1 1 1 1 1 1 1 1 1 1 1 1 1 1 1 1 1 1 1 1 1 1 1 1 1 1 1 1 1 1 1 1 1 1 1 1 1 1 1 1 1 1 1 1 1 1 1 1 1 1 1 1 1 1 1 1 1 1 1 1 1 1 1 1 1 1 1 1 1 1 1 1 1 1 1 1 1 1 1 1 1 1 1 1 1 1 1 1 1 1 1 1 1 1 1 1 1 1 1 1 1 1 1 1 1 1 1 1 1 1 1 1 1 1 1 1 1 1 1 1 1 1 1 1 1 1 1 1 1 1 1 1 1 1 1 1 1 1 1 1 1 1 1 1 1 1 1 1 1 1 1 1 1 1 1 1 1 1 1 1 1 1 1 1 1 1 1 1 1 1 1 1 1 1 1 1 1 1 1 1 1 1 1 1 1 1 1 1 1 1 1 1 1 1 1 1 1 1 1 1 1 1 1 1 1 1 1 1 1 1 1 1 1 1 1 1 1 1 1 1 1 1 1 1 1 1 1 1 1 1 1 1 1 1 1 1 1 1 1 1 1 1 1 1 1 1 1 1 1 1 1 1 1 1 1 1 1 1 1 1 1 1 1 1 1 1 1 1 1 1 1 1 1 1 1 1 1 1 1 1 1 1 1 1 1 1 1 1 1 1 1 1 1 1 1 1 1 1 1 1 1 1 1 1 1 1 1 1 1 1 1 1 1 1 1 1 1 1 1 1 1 1 1 1 1 1 1 1 1 1 1 1 1 1 1 1 1 1 1 1 1 1 1 1 1 1 1 1 1 1 1 1 1 1 1 1 1 1 1 1 1 1 1 1 1 1 1 1 1 1 1 1 1 1 1 1 1 1 1 1 1 1 1 1 1 1 1 1 1 1 1 1 1 1 1 1 1 1 1 1 1 1 1 1 1 1 1 1 1 1 1 1 1 1 1 1 1 1 1 1 1 1 1 1 1 1 1 1 1 1 1 1 1 1 1 1 1 1 1 1 1 1 1 1 1 1 1 1 1 1 1 1 1 1 1 1 1 1 1 1 1 1 1 1 1 1 1 1 1 1 1 1 1 1 1 1 1 1 1 1 1 1 1 1 1 1 1 1 1 1 1 1 1 1 1 1 1 1 1 1 1 1 1 1 1 1 1 1 1 1 1 1 1 1 1 1 1 1 1 1 1 1 1 1 1 1 1 1 1 1 1 1 1 1 1 1 1 1 1 1 1 1 1 1 1 1 1 1 1 1 1 1 1 1 1 1 1 1 1 1 1 1 1 1 1 1 1 1 1 1 1 1 1 1 1 1 1 1 1 1 1 1 1 1 1 1 1 1 1 1 1 1 1 1 1 1 1 1 1 1 1 1 1 1 1 1 1 1 1 1 1 1 1 1 1 1 1 1 1 1 1 1 1 1 1 1 1 1 1 1 1 1 1 1 1 1 1 1 1 1 1 1 1 1 1 1 1 1 1 1 1 1 1 1 1 1 1 1 1 1 1 1 1 1 1 1 1 1 1 1 1 1 1 1 1 1 1 1 1 1 1 1 1 1 1 1 1 1 1 1 1 1 1 1 1 1 1 1 1 1 1 1 1 1 1 1 1 1 1 1 1 1 1 1 1 1 1 1 1 1 1 1 1 1 1 1 1 1 1 1 1 1 1 1 1 1 1 1 1 1 1 1 1 1 1 1 1 1 1 1 1 1 1 1 1 1 1 1 1 1 1 1 1 1 1 1 1 1 1 1 1 1 1 1 1 1 1 1 1 1 1 1 1 1 1 1 1 1 1 1 1 1 1 1 1 1 1 1 1 1 1 1 1 1 1 1 1 1 1 1 1 1 1 1 1 1 1 1 1 1 1 1 1 1 1 1 1 1 1 1 1 1 1 1 1 1 1 1 1 1 1 1 1 1 1 1 1 1 1 1 1 1 1 1 1 1 1 1 1 1 1 1 1 1 1 1 1 1 1 1 1 1 1 1 1 1 1 1 1 1 1 1 1 1 1 1 1 1 1 1 1 1 1 1 1 1 1 1 1 1 1 1 1 1 1 1 1 1 1 1 1 1 1 1 1 1 1 1 1 1 1 1 1 1 1 1 1 1 1 1 1 1 1 1 1 1 1 1 1 1 1 1 1 1 1 1 1 1 1 1 1 1 1 1 1 1 1 1 1 1 1 1 1 1 1 1 1 1 1 1 1 1 1 1 1 1 1 1 1 1 1 1 1 1 1 1 1 1 1 1 1 1 1 1 1 1 1 1 1 1 1 1 1 1 1 1 1 1 1 1 1 1 1 1 1 1 1 1 1 1 1 1 1 1 1 1 1 1 1 1 1 1 1 1 1 1 1 1 1 1 1 1 1 1 1 1 1 1 1 1 1 1 1 1 1 1 1 1 1 1 1 1 1 1 1 1 1 1 1 1 1 1 1 1 1 1 1 1 1 1 1 1 1 1 1 1 1 1 1 1 1 1 1 1 1 1 1 1 1 1 1 1 1 1 1 1 1 1 1 1 1 1 1 1 1 1 1 1 1 1 1 1 1 1 1 1 1 1 1 1 1 1 1 1 1 1 1 1 1 1 1 1 1 1 1 1 1 1 1 1 1 1 1 1 1 1 1 1 1 1 1 1 1 1 1 1 1 1 1 1 1 1 1 1 1 1 1 1 1 1 1 1 1 1 1 1 1 1 1 1 1 1 1 1 1 1 1 1 1 1 1 1 1 1 1 1 1 1 1 1 1 1 1 1 1 1 1 1 1 1 1 1 1 1 1 1 1 1 1 1 1 1 1 1 1 1 1 1 1 1 1 1 1 1 1 1 1 1 1 1 1 1 1 1 1 1 1 1 1 1 1 1 1 1 1 1 1 1 1 1 1 1 1 1 1 1 1 1 1 1 1 1 1 1 1 1 1 1 1 1 1 1 1 1 1 1 1 1 1 1 1 1 1 1 1 1 1 1 1 1 1 1 1 1 1 1 1 1 1 1 1 1 1 1 1 1 1 1 1 1 1 1 1 1 1 1 1 1 1 1 1 1 1 1 1 1 1 1 1 1 1 1 1 1 1 1 1 1 1 1 1 1 1 1 1 1 1 1 1 1 1 1 1 1 1 1 1 1 1 1 1 1 1 1 1 1 1 1 1 1 1 1 1 1 1 1 1 1 1 1 1 1 1 1 1 1 1 1 1 1 1 1 1 1 1 1 1 1 1 1 1 1 1 1 1 1 1 1 1 1 1 1 1 1 1 1 1 1 1 1 1 1 1 1 1 1 1 1 1 1 1 1 1 1 1 1 1 1 1 1 1 1 1 1 1 1 1 1 1 1 1 1 1 1 1 1 1 1 1 1 1 1 1 1 1 1 1 1 1 1 1 1 1 1 1 1 1 1 1 1 1 1 1 1 1 1 1 1 1 1 1 1 1 1 1 1 1 1 1 1 1 1 1 1 1 1 1 1 1 1 1 1 1 1 1 1 1 1 1 1 1 1 1 1 1 1 1 1 1 1 1 1 1 1 1 1 1 1 1 1 1 1 1 1 1 1 1 1 1 1 1 1 1 1 1 1 1 1 1 1 1 1 1 1 1 1 1 1 1 1 1 1 1 1 1 1 1 1 1 1 1 1 1 1 1 1 1 1 1 1 1 1 1 1 1 1 1 1 1 1 1 1 1 1 1 1 1 1 1 1 1 1 1 1 1 1 1 1 1 1 1 1 1 1 1 1 1 1 1 1 1 1 1 1 1 1 1 1 1 1 1 1 1 1 1 1 1 1 1 1 1 1 1 1 1 1 1 1 1 1 1 1 1 1 1 1 1 1 1 1 1 1 1 1 1 1 1 1 1 1 1 1 1 1 1 1 1 1 1 1 1 1 1 1 1 1 1 1 1 1 1 1 1 1 1 1 1 1 1 1 1 1 1 1 1 1 1 1 1 1 1 1 1 1 1 1 1 1 1 1 1 1 1 1 1 1 1 1 1 1 1 1 1 1 1 1 1 1 1 1 1 1 1 1 1 1 1 1 1 1 1 1 1 1 1 1 1 1 1 1 1 1 1 </float_array>
          <technique_common>
            <accessor source="#mesh1-geometry-color-array" count="977" stride="4">
              <param name="R" type="float"/>
              <param name="G" type="float"/>
              <param name="B" type="float"/>
              <param name="A" type="float"/>
            </accessor>
          </technique_common>
        </source>
      <vertices id="mesh1-geometry-vertex">
        <input semantic="POSITION" source="#mesh1-geometry-position"/>
      </vertices>
      <triangles count="1954">
        <input semantic="VERTEX" source="#mesh1-geometry-vertex" offset="0"/>
        <input semantic="NORMAL" source="#mesh1-geometry-normal" offset="1"/>
        <input semantic="COLOR" source="#mesh1-geometry-color" offset="2"/>
          <p>0 0 0 1 1 1 2 2 2 2 2 2 1 1 1 3 3 3 2 2 2 3 3 3 4 4 4 2 2 2 4 4 4 5 5 5 5 5 5 4 4 4 6 6 6 5 5 5 6 6 6 7 7 7 7 7 7 6 6 6 8 8 8 7 7 7 8 8 8 9 9 9 9 9 9 8 8 8 10 10 10 9 9 9 10 10 10 11 11 11 11 11 11 10 10 10 12 12 12 11 11 11 12 12 12 13 13 13 13 13 13 12 12 12 14 14 14 13 13 13 14 14 14 15 15 15 15 15 15 14 14 14 16 16 16 15 15 15 16 16 16 17 17 17 17 17 17 16 16 16 18 18 18 17 17 17 18 18 18 19 19 19 19 19 19 18 18 18 20 20 20 19 19 19 20 20 20 21 21 21 21 21 21 20 20 20 22 22 22 21 21 21 22 22 22 23 23 23 23 23 23 22 22 22 24 24 24 23 23 23 24 24 24 25 25 25 25 25 25 24 24 24 26 26 26 25 25 25 26 26 26 27 27 27 27 27 27 26 26 26 28 28 28 27 27 27 28 28 28 29 29 29 29 29 29 28 28 28 30 30 30 29 29 29 30 30 30 31 31 31 31 31 31 30 30 30 32 32 32 31 31 31 32 32 32 33 33 33 33 33 33 32 32 32 34 34 34 33 33 33 34 34 34 35 35 35 35 35 35 34 34 34 36 36 36 35 35 35 36 36 36 37 37 37 37 37 37 36 36 36 38 38 38 38 38 38 36 36 36 39 39 39 38 38 38 39 39 39 40 40 40 40 40 40 39 39 39 41 41 41 41 41 41 39 39 39 42 42 42 41 41 41 42 42 42 43 43 43 43 43 43 42 42 42 44 44 44 43 43 43 44 44 44 45 45 45 45 45 45 44 44 44 46 46 46 45 45 45 46 46 46 47 47 47 47 47 47 46 46 46 48 48 48 47 47 47 48 48 48 49 49 49 49 49 49 48 48 48 50 50 50 49 49 49 50 50 50 51 51 51 51 51 51 50 50 50 52 52 52 51 51 51 52 52 52 53 53 53 53 53 53 52 52 52 54 54 54 53 53 53 54 54 54 55 55 55 55 55 55 54 54 54 56 56 56 55 55 55 56 56 56 57 57 57 57 57 57 56 56 56 58 58 58 57 57 57 58 58 58 59 59 59 59 59 59 58 58 58 60 60 60 59 59 59 60 60 60 61 61 61 61 61 61 60 60 60 62 62 62 61 61 61 62 62 62 63 63 63 63 63 63 62 62 62 64 64 64 63 63 63 64 64 64 65 65 65 65 65 65 64 64 64 66 66 66 65 65 65 66 66 66 67 67 67 67 67 67 66 66 66 68 68 68 67 67 67 68 68 68 69 69 69 69 69 69 68 68 68 70 70 70 69 69 69 70 70 70 71 71 71 71 71 71 70 70 70 72 72 72 71 71 71 72 72 72 73 73 73 73 73 73 72 72 72 74 74 74 73 73 73 74 74 74 75 75 75 75 75 75 74 74 74 76 76 76 75 75 75 76 76 76 77 77 77 6 6 6 78 78 78 8 8 8 8 8 8 78 78 78 79 79 79 8 8 8 79 79 79 10 10 10 10 10 10 79 79 79 80 80 80 10 10 10 80 80 80 12 12 12 12 12 12 80 80 80 81 81 81 12 12 12 81 81 81 14 14 14 14 14 14 81 81 81 82 82 82 14 14 14 82 82 82 16 16 16 16 16 16 82 82 82 83 83 83 16 16 16 83 83 83 18 18 18 18 18 18 83 83 83 84 84 84 18 18 18 84 84 84 20 20 20 20 20 20 84 84 84 85 85 85 20 20 20 85 85 85 22 22 22 22 22 22 85 85 85 86 86 86 22 22 22 86 86 86 24 24 24 24 24 24 86 86 86 87 87 87 24 24 24 87 87 87 26 26 26 26 26 26 87 87 87 88 88 88 26 26 26 88 88 88 28 28 28 28 28 28 88 88 88 89 89 89 28 28 28 89 89 89 30 30 30 30 30 30 89 89 89 90 90 90 30 30 30 90 90 90 32 32 32 32 32 32 90 90 90 91 91 91 32 32 32 91 91 91 34 34 34 34 34 34 91 91 91 92 92 92 34 34 34 92 92 92 36 36 36 36 36 36 92 92 92 39 39 39 78 78 78 93 93 93 79 79 79 79 79 79 93 93 93 94 94 94 79 79 79 94 94 94 80 80 80 80 80 80 94 94 94 95 95 95 80 80 80 95 95 95 81 81 81 81 81 81 95 95 95 96 96 96 81 81 81 96 96 96 82 82 82 82 82 82 96 96 96 97 97 97 82 82 82 97 97 97 83 83 83 83 83 83 97 97 97 98 98 98 83 83 83 98 98 98 84 84 84 84 84 84 98 98 98 99 99 99 84 84 84 99 99 99 85 85 85 85 85 85 99 99 99 100 100 100 85 85 85 100 100 100 86 86 86 86 86 86 100 100 100 101 101 101 86 86 86 101 101 101 87 87 87 87 87 87 101 101 101 102 102 102 87 87 87 102 102 102 88 88 88 88 88 88 102 102 102 103 103 103 88 88 88 103 103 103 89 89 89 89 89 89 103 103 103 104 104 104 89 89 89 104 104 104 90 90 90 90 90 90 104 104 104 105 105 105 90 90 90 105 105 105 91 91 91 91 91 91 105 105 105 106 106 106 91 91 91 106 106 106 92 92 92 92 92 92 106 106 106 107 107 107 92 92 92 107 107 107 39 39 39 39 39 39 107 107 107 42 42 42 93 93 93 108 108 108 94 94 94 94 94 94 108 108 108 109 109 109 94 94 94 109 109 109 95 95 95 95 95 95 109 109 109 110 110 110 95 95 95 110 110 110 96 96 96 96 96 96 110 110 110 111 111 111 96 96 96 111 111 111 97 97 97 97 97 97 111 111 111 112 112 112 97 97 97 112 112 112 98 98 98 98 98 98 112 112 112 113 113 113 98 98 98 113 113 113 99 99 99 99 99 99 113 113 113 114 114 114 99 99 99 114 114 114 100 100 100 100 100 100 114 114 114 115 115 115 100 100 100 115 115 115 101 101 101 101 101 101 115 115 115 116 116 116 101 101 101 116 116 116 102 102 102 102 102 102 116 116 116 117 117 117 102 102 102 117 117 117 103 103 103 103 103 103 117 117 117 118 118 118 103 103 103 118 118 118 104 104 104 104 104 104 118 118 118 119 119 119 104 104 104 119 119 119 105 105 105 105 105 105 119 119 119 120 120 120 105 105 105 120 120 120 106 106 106 106 106 106 120 120 120 121 121 121 106 106 106 121 121 121 107 107 107 107 107 107 121 121 121 122 122 122 107 107 107 122 122 122 42 42 42 42 42 42 122 122 122 44 44 44 108 108 108 123 123 123 109 109 109 109 109 109 123 123 123 124 124 124 109 109 109 124 124 124 110 110 110 110 110 110 124 124 124 125 125 125 110 110 110 125 125 125 111 111 111 111 111 111 125 125 125 126 126 126 111 111 111 126 126 126 112 112 112 112 112 112 126 126 126 127 127 127 112 112 112 127 127 127 113 113 113 113 113 113 127 127 127 128 128 128 113 113 113 128 128 128 114 114 114 114 114 114 128 128 128 129 129 129 114 114 114 129 129 129 115 115 115 115 115 115 129 129 129 130 130 130 115 115 115 130 130 130 116 116 116 116 116 116 130 130 130 131 131 131 116 116 116 131 131 131 117 117 117 117 117 117 131 131 131 132 132 132 117 117 117 132 132 132 118 118 118 118 118 118 132 132 132 133 133 133 118 118 118 133 133 133 119 119 119 119 119 119 133 133 133 134 134 134 119 119 119 134 134 134 120 120 120 120 120 120 134 134 134 135 135 135 120 120 120 135 135 135 121 121 121 121 121 121 135 135 135 136 136 136 121 121 121 136 136 136 122 122 122 122 122 122 136 136 136 137 137 137 122 122 122 137 137 137 44 44 44 44 44 44 137 137 137 46 46 46 124 124 124 123 123 123 138 138 138 138 138 138 123 123 123 139 139 139 138 138 138 139 139 139 140 140 140 140 140 140 139 139 139 141 141 141 140 140 140 141 141 141 142 142 142 142 142 142 141 141 141 143 143 143 142 142 142 143 143 143 144 144 144 144 144 144 143 143 143 145 145 145 144 144 144 145 145 145 146 146 146 146 146 146 145 145 145 147 147 147 146 146 146 147 147 147 148 148 148 148 148 148 147 147 147 149 149 149 148 148 148 149 149 149 150 150 150 150 150 150 149 149 149 151 151 151 150 150 150 151 151 151 152 152 152 152 152 152 151 151 151 153 153 153 152 152 152 153 153 153 154 154 154 154 154 154 153 153 153 155 155 155 154 154 154 155 155 155 156 156 156 156 156 156 155 155 155 157 157 157 156 156 156 157 157 157 158 158 158 158 158 158 157 157 157 159 159 159 158 158 158 159 159 159 160 160 160 160 160 160 159 159 159 161 161 161 160 160 160 161 161 161 162 162 162 162 162 162 161 161 161 60 60 60 162 162 162 60 60 60 58 58 58 147 147 147 163 163 163 149 149 149 149 149 149 163 163 163 164 164 164 149 149 149 164 164 164 151 151 151 151 151 151 164 164 164 165 165 165 151 151 151 165 165 165 153 153 153 153 153 153 165 165 165 166 166 166 153 153 153 166 166 166 155 155 155 155 155 155 166 166 166 167 167 167 155 155 155 167 167 167 157 157 157 157 157 157 167 167 167 168 168 168 157 157 157 168 168 168 159 159 159 159 159 159 168 168 168 169 169 169 159 159 159 169 169 169 161 161 161 161 161 161 169 169 169 62 62 62 161 161 161 62 62 62 60 60 60 163 163 163 170 170 170 164 164 164 164 164 164 170 170 170 171 171 171 164 164 164 171 171 171 165 165 165 165 165 165 171 171 171 172 172 172 165 165 165 172 172 172 166 166 166 166 166 166 172 172 172 173 173 173 166 166 166 173 173 173 167 167 167 167 167 167 173 173 173 174 174 174 167 167 167 174 174 174 168 168 168 168 168 168 174 174 174 175 175 175 168 168 168 175 175 175 169 169 169 169 169 169 175 175 175 64 64 64 169 169 169 64 64 64 62 62 62 170 170 170 176 176 176 171 171 171 171 171 171 176 176 176 177 177 177 171 171 171 177 177 177 172 172 172 172 172 172 177 177 177 178 178 178 172 172 172 178 178 178 173 173 173 173 173 173 178 178 178 179 179 179 173 173 173 179 179 179 174 174 174 174 174 174 179 179 179 180 180 180 174 174 174 180 180 180 175 175 175 175 175 175 180 180 180 66 66 66 175 175 175 66 66 66 64 64 64 176 176 176 181 181 181 177 177 177 177 177 177 181 181 181 182 182 182 177 177 177 182 182 182 178 178 178 178 178 178 182 182 182 183 183 183 178 178 178 183 183 183 179 179 179 179 179 179 183 183 183 184 184 184 179 179 179 184 184 184 180 180 180 180 180 180 184 184 184 68 68 68 180 180 180 68 68 68 66 66 66 181 181 181 185 185 185 182 182 182 182 182 182 185 185 185 186 186 186 182 182 182 186 186 186 183 183 183 183 183 183 186 186 186 187 187 187 183 183 183 187 187 187 184 184 184 184 184 184 187 187 187 70 70 70 184 184 184 70 70 70 68 68 68 185 185 185 188 188 188 186 186 186 186 186 186 188 188 188 189 189 189 186 186 186 189 189 189 187 187 187 187 187 187 189 189 189 72 72 72 187 187 187 72 72 72 70 70 70 188 188 188 76 76 76 189 189 189 189 189 189 76 76 76 74 74 74 189 189 189 74 74 74 72 72 72 75 75 75 77 77 77 190 190 190 190 190 190 77 77 77 191 191 191 190 190 190 191 191 191 192 192 192 192 192 192 191 191 191 193 193 193 192 192 192 193 193 193 194 194 194 194 194 194 193 193 193 195 195 195 194 194 194 195 195 195 196 196 196 196 196 196 195 195 195 197 197 197 196 196 196 197 197 197 198 198 198 198 198 198 197 197 197 199 199 199 198 198 198 199 199 199 200 200 200 200 200 200 199 199 199 201 201 201 200 200 200 201 201 201 202 202 202 202 202 202 201 201 201 203 203 203 202 202 202 203 203 203 204 204 204 204 204 204 203 203 203 205 205 205 204 204 204 205 205 205 206 206 206 206 206 206 205 205 205 207 207 207 206 206 206 207 207 207 208 208 208 208 208 208 207 207 207 209 209 209 208 208 208 209 209 209 210 210 210 210 210 210 209 209 209 211 211 211 210 210 210 211 211 211 212 212 212 212 212 212 211 211 211 213 213 213 212 212 212 213 213 213 214 214 214 214 214 214 213 213 213 215 215 215 214 214 214 215 215 215 216 216 216 216 216 216 215 215 215 217 217 217 216 216 216 217 217 217 218 218 218 218 218 218 217 217 217 219 219 219 218 218 218 219 219 219 220 220 220 220 220 220 219 219 219 221 221 221 220 220 220 221 221 221 222 222 222 222 222 222 221 221 221 223 223 223 222 222 222 223 223 223 224 224 224 224 224 224 223 223 223 225 225 225 224 224 224 225 225 225 226 226 226 226 226 226 225 225 225 227 227 227 226 226 226 227 227 227 228 228 228 228 228 228 227 227 227 229 229 229 228 228 228 229 229 229 230 230 230 230 230 230 229 229 229 231 231 231 230 230 230 231 231 231 232 232 232 232 232 232 231 231 231 233 233 233 232 232 232 233 233 233 234 234 234 234 234 234 233 233 233 235 235 235 234 234 234 235 235 235 236 236 236 236 236 236 235 235 235 237 237 237 236 236 236 237 237 237 238 238 238 238 238 238 237 237 237 239 239 239 238 238 238 239 239 239 240 240 240 240 240 240 239 239 239 241 241 241 240 240 240 241 241 241 242 242 242 242 242 242 241 241 241 243 243 243 242 242 242 243 243 243 244 244 244 244 244 244 243 243 243 245 245 245 245 245 245 243 243 243 246 246 246 245 245 245 246 246 246 247 247 247 247 247 247 246 246 246 248 248 248 247 247 247 248 248 248 249 249 249 249 249 249 248 248 248 250 250 250 249 249 249 250 250 250 251 251 251 251 251 251 250 250 250 252 252 252 251 251 251 252 252 252 253 253 253 253 253 253 252 252 252 254 254 254 253 253 253 254 254 254 255 255 255 255 255 255 254 254 254 256 256 256 255 255 255 256 256 256 257 257 257 257 257 257 256 256 256 258 258 258 257 257 257 258 258 258 259 259 259 259 259 259 258 258 258 260 260 260 259 259 259 260 260 260 261 261 261 261 261 261 260 260 260 262 262 262 261 261 261 262 262 262 263 263 263 263 263 263 262 262 262 264 264 264 263 263 263 264 264 264 265 265 265 265 265 265 264 264 264 266 266 266 265 265 265 266 266 266 267 267 267 267 267 267 266 266 266 219 219 219 267 267 267 219 219 219 217 217 217 193 193 193 268 268 268 195 195 195 195 195 195 268 268 268 269 269 269 195 195 195 269 269 269 197 197 197 197 197 197 269 269 269 270 270 270 197 197 197 270 270 270 199 199 199 199 199 199 270 270 270 271 271 271 199 199 199 271 271 271 201 201 201 201 201 201 271 271 271 272 272 272 201 201 201 272 272 272 203 203 203 203 203 203 272 272 272 273 273 273 203 203 203 273 273 273 205 205 205 205 205 205 273 273 273 274 274 274 205 205 205 274 274 274 207 207 207 207 207 207 274 274 274 275 275 275 207 207 207 275 275 275 209 209 209 209 209 209 275 275 275 276 276 276 209 209 209 276 276 276 211 211 211 211 211 211 276 276 276 277 277 277 211 211 211 277 277 277 213 213 213 213 213 213 277 277 277 278 278 278 213 213 213 278 278 278 215 215 215 215 215 215 278 278 278 279 279 279 215 215 215 279 279 279 217 217 217 217 217 217 279 279 279 267 267 267 268 268 268 280 280 280 269 269 269 269 269 269 280 280 280 281 281 281 269 269 269 281 281 281 270 270 270 270 270 270 281 281 281 282 282 282 270 270 270 282 282 282 271 271 271 271 271 271 282 282 282 283 283 283 271 271 271 283 283 283 272 272 272 272 272 272 283 283 283 284 284 284 272 272 272 284 284 284 273 273 273 273 273 273 284 284 284 285 285 285 273 273 273 285 285 285 274 274 274 274 274 274 285 285 285 286 286 286 274 274 274 286 286 286 275 275 275 275 275 275 286 286 286 287 287 287 275 275 275 287 287 287 276 276 276 276 276 276 287 287 287 288 288 288 276 276 276 288 288 288 277 277 277 277 277 277 288 288 288 289 289 289 277 277 277 289 289 289 278 278 278 278 278 278 289 289 289 290 290 290 278 278 278 290 290 290 279 279 279 279 279 279 290 290 290 291 291 291 279 279 279 291 291 291 267 267 267 267 267 267 291 291 291 265 265 265 280 280 280 292 292 292 281 281 281 281 281 281 292 292 292 293 293 293 281 281 281 293 293 293 282 282 282 282 282 282 293 293 293 294 294 294 282 282 282 294 294 294 283 283 283 283 283 283 294 294 294 295 295 295 283 283 283 295 295 295 284 284 284 284 284 284 295 295 295 296 296 296 284 284 284 296 296 296 285 285 285 285 285 285 296 296 296 297 297 297 285 285 285 297 297 297 286 286 286 286 286 286 297 297 297 298 298 298 286 286 286 298 298 298 287 287 287 287 287 287 298 298 298 299 299 299 287 287 287 299 299 299 288 288 288 288 288 288 299 299 299 300 300 300 288 288 288 300 300 300 289 289 289 289 289 289 300 300 300 301 301 301 289 289 289 301 301 301 290 290 290 290 290 290 301 301 301 302 302 302 290 290 290 302 302 302 291 291 291 291 291 291 302 302 302 303 303 303 291 291 291 303 303 303 265 265 265 265 265 265 303 303 303 263 263 263 292 292 292 304 304 304 293 293 293 293 293 293 304 304 304 305 305 305 293 293 293 305 305 305 306 306 306 306 306 306 305 305 305 307 307 307 306 306 306 307 307 307 308 308 308 308 308 308 307 307 307 309 309 309 308 308 308 309 309 309 310 310 310 310 310 310 309 309 309 311 311 311 310 310 310 311 311 311 312 312 312 312 312 312 311 311 311 313 313 313 312 312 312 313 313 313 314 314 314 314 314 314 313 313 313 315 315 315 314 314 314 315 315 315 316 316 316 316 316 316 315 315 315 317 317 317 316 316 316 317 317 317 318 318 318 318 318 318 317 317 317 319 319 319 318 318 318 319 319 319 320 320 320 320 320 320 319 319 319 321 321 321 320 320 320 321 321 321 322 322 322 322 322 322 321 321 321 323 323 323 322 322 322 323 323 323 324 324 324 324 324 324 323 323 323 325 325 325 324 324 324 325 325 325 326 326 326 326 326 326 325 325 325 327 327 327 326 326 326 327 327 327 328 328 328 328 328 328 327 327 327 329 329 329 328 328 328 329 329 329 259 259 259 259 259 259 329 329 329 257 257 257 307 307 307 330 330 330 309 309 309 309 309 309 330 330 330 331 331 331 309 309 309 331 331 331 311 311 311 311 311 311 331 331 331 332 332 332 311 311 311 332 332 332 313 313 313 313 313 313 332 332 332 333 333 333 313 313 313 333 333 333 315 315 315 315 315 315 333 333 333 334 334 334 315 315 315 334 334 334 317 317 317 317 317 317 334 334 334 335 335 335 317 317 317 335 335 335 319 319 319 319 319 319 335 335 335 336 336 336 319 319 319 336 336 336 321 321 321 321 321 321 336 336 336 337 337 337 321 321 321 337 337 337 323 323 323 323 323 323 337 337 337 338 338 338 323 323 323 338 338 338 325 325 325 325 325 325 338 338 338 339 339 339 325 325 325 339 339 339 327 327 327 327 327 327 339 339 339 340 340 340 327 327 327 340 340 340 329 329 329 329 329 329 340 340 340 341 341 341 329 329 329 341 341 341 257 257 257 257 257 257 341 341 341 255 255 255 330 330 330 342 342 342 331 331 331 331 331 331 342 342 342 343 343 343 331 331 331 343 343 343 332 332 332 332 332 332 343 343 343 344 344 344 332 332 332 344 344 344 333 333 333 333 333 333 344 344 344 345 345 345 333 333 333 345 345 345 334 334 334 334 334 334 345 345 345 346 346 346 334 334 334 346 346 346 335 335 335 335 335 335 346 346 346 347 347 347 335 335 335 347 347 347 336 336 336 336 336 336 347 347 347 348 348 348 336 336 336 348 348 348 337 337 337 337 337 337 348 348 348 349 349 349 337 337 337 349 349 349 338 338 338 338 338 338 349 349 349 350 350 350 338 338 338 350 350 350 339 339 339 339 339 339 350 350 350 351 351 351 339 339 339 351 351 351 340 340 340 340 340 340 351 351 351 352 352 352 340 340 340 352 352 352 341 341 341 341 341 341 352 352 352 353 353 353 341 341 341 353 353 353 255 255 255 255 255 255 353 353 353 253 253 253 342 342 342 354 354 354 343 343 343 343 343 343 354 354 354 355 355 355 343 343 343 355 355 355 344 344 344 344 344 344 355 355 355 356 356 356 344 344 344 356 356 356 345 345 345 345 345 345 356 356 356 357 357 357 345 345 345 357 357 357 346 346 346 346 346 346 357 357 357 358 358 358 346 346 346 358 358 358 347 347 347 347 347 347 358 358 358 359 359 359 347 347 347 359 359 359 348 348 348 348 348 348 359 359 359 360 360 360 348 348 348 360 360 360 349 349 349 349 349 349 360 360 360 361 361 361 349 349 349 361 361 361 350 350 350 350 350 350 361 361 361 362 362 362 350 350 350 362 362 362 351 351 351 351 351 351 362 362 362 363 363 363 351 351 351 363 363 363 352 352 352 352 352 352 363 363 363 364 364 364 352 352 352 364 364 364 353 353 353 353 353 353 364 364 364 365 365 365 353 353 353 365 365 365 253 253 253 253 253 253 365 365 365 251 251 251 354 354 354 1 1 1 355 355 355 355 355 355 1 1 1 366 366 366 355 355 355 366 366 366 356 356 356 356 356 356 366 366 366 367 367 367 356 356 356 367 367 367 357 357 357 357 357 357 367 367 367 368 368 368 357 357 357 368 368 368 358 358 358 358 358 358 368 368 368 369 369 369 358 358 358 369 369 369 359 359 359 359 359 359 369 369 369 370 370 370 359 359 359 370 370 370 360 360 360 360 360 360 370 370 370 371 371 371 360 360 360 371 371 371 361 361 361 361 361 361 371 371 371 372 372 372 361 361 361 372 372 372 362 362 362 362 362 362 372 372 372 373 373 373 362 362 362 373 373 373 363 363 363 363 363 363 373 373 373 374 374 374 363 363 363 374 374 374 364 364 364 364 364 364 374 374 374 375 375 375 364 364 364 375 375 375 365 365 365 365 365 365 375 375 375 376 376 376 365 365 365 376 376 376 251 251 251 251 251 251 376 376 376 249 249 249 1 1 1 0 0 0 366 366 366 366 366 366 0 0 0 367 367 367 377 377 377 369 369 369 0 0 0 0 0 0 369 369 369 368 368 368 0 0 0 368 368 368 367 367 367 378 378 378 373 373 373 377 377 377 377 377 377 373 373 373 372 372 372 377 377 377 372 372 372 371 371 371 379 379 379 376 376 376 378 378 378 378 378 378 376 376 376 375 375 375 378 378 378 375 375 375 374 374 374 376 376 376 379 379 379 249 249 249 249 249 249 379 379 379 247 247 247 244 244 244 380 380 380 242 242 242 222 222 222 224 224 224 381 381 381 381 381 381 224 224 224 382 382 382 381 381 381 382 382 382 383 383 383 383 383 383 382 382 382 384 384 384 383 383 383 384 384 384 385 385 385 383 383 383 385 385 385 386 386 386 386 386 386 385 385 385 387 387 387 386 386 386 387 387 387 388 388 388 388 388 388 387 387 387 389 389 389 388 388 388 389 389 389 390 390 390 390 390 390 389 389 389 391 391 391 390 390 390 391 391 391 392 392 392 392 392 392 391 391 391 393 393 393 392 392 392 393 393 393 394 394 394 394 394 394 393 393 393 395 395 395 394 394 394 395 395 395 396 396 396 396 396 396 395 395 395 397 397 397 396 396 396 397 397 397 398 398 398 398 398 398 397 397 397 399 399 399 398 398 398 399 399 399 400 400 400 400 400 400 399 399 399 401 401 401 400 400 400 401 401 401 402 402 402 402 402 402 401 401 401 403 403 403 402 402 402 403 403 403 404 404 404 404 404 404 403 403 403 405 405 405 404 404 404 405 405 405 406 406 406 406 406 406 405 405 405 407 407 407 406 406 406 407 407 407 408 408 408 408 408 408 407 407 407 409 409 409 408 408 408 409 409 409 410 410 410 410 410 410 409 409 409 411 411 411 410 410 410 411 411 411 412 412 412 412 412 412 411 411 411 69 69 69 412 412 412 69 69 69 71 71 71 391 391 391 389 389 389 413 413 413 413 413 413 389 389 389 414 414 414 413 413 413 414 414 414 415 415 415 413 413 413 415 415 415 416 416 416 416 416 416 415 415 415 417 417 417 416 416 416 417 417 417 418 418 418 418 418 418 417 417 417 419 419 419 418 418 418 419 419 419 420 420 420 420 420 420 419 419 419 421 421 421 420 420 420 421 421 421 422 422 422 422 422 422 421 421 421 423 423 423 422 422 422 423 423 423 424 424 424 424 424 424 423 423 423 425 425 425 424 424 424 425 425 425 426 426 426 426 426 426 425 425 425 427 427 427 426 426 426 427 427 427 428 428 428 428 428 428 427 427 427 429 429 429 428 428 428 429 429 429 430 430 430 430 430 430 429 429 429 431 431 431 430 430 430 431 431 431 432 432 432 432 432 432 431 431 431 57 57 57 432 432 432 57 57 57 59 59 59 421 421 421 433 433 433 423 423 423 423 423 423 433 433 433 434 434 434 423 423 423 434 434 434 425 425 425 425 425 425 434 434 434 435 435 435 425 425 425 435 435 435 427 427 427 427 427 427 435 435 435 436 436 436 427 427 427 436 436 436 429 429 429 429 429 429 436 436 436 437 437 437 429 429 429 437 437 437 431 431 431 431 431 431 437 437 437 55 55 55 431 431 431 55 55 55 57 57 57 433 433 433 438 438 438 434 434 434 434 434 434 438 438 438 439 439 439 434 434 434 439 439 439 435 435 435 435 435 435 439 439 439 440 440 440 435 435 435 440 440 440 436 436 436 436 436 436 440 440 440 441 441 441 436 436 436 441 441 441 437 437 437 437 437 437 441 441 441 53 53 53 437 437 437 53 53 53 55 55 55 438 438 438 442 442 442 439 439 439 439 439 439 442 442 442 443 443 443 439 439 439 443 443 443 440 440 440 440 440 440 443 443 443 444 444 444 440 440 440 444 444 444 441 441 441 441 441 441 444 444 444 51 51 51 441 441 441 51 51 51 53 53 53 443 443 443 442 442 442 445 445 445 445 445 445 442 442 442 446 446 446 445 445 445 446 446 446 47 47 47 47 47 47 446 446 446 45 45 45 35 35 35 37 37 37 447 447 447 447 447 447 37 37 37 448 448 448 447 447 447 448 448 448 449 449 449 449 449 449 448 448 448 244 244 244 449 449 449 244 244 244 245 245 245 448 448 448 380 380 380 244 244 244 449 449 449 245 245 245 450 450 450 450 450 450 245 245 245 247 247 247 450 450 450 247 247 247 451 451 451 451 451 451 247 247 247 452 452 452 451 451 451 452 452 452 453 453 453 453 453 453 452 452 452 454 454 454 453 453 453 454 454 454 27 27 27 27 27 27 454 454 454 25 25 25 247 247 247 379 379 379 452 452 452 452 452 452 379 379 379 455 455 455 452 452 452 455 455 455 454 454 454 454 454 454 455 455 455 456 456 456 454 454 454 456 456 456 25 25 25 25 25 25 456 456 456 23 23 23 379 379 379 378 378 378 455 455 455 455 455 455 378 378 378 457 457 457 455 455 455 457 457 457 456 456 456 456 456 456 457 457 457 458 458 458 456 456 456 458 458 458 23 23 23 23 23 23 458 458 458 21 21 21 377 377 377 459 459 459 378 378 378 378 378 378 459 459 459 460 460 460 378 378 378 460 460 460 457 457 457 457 457 457 460 460 460 458 458 458 0 0 0 461 461 461 377 377 377 377 377 377 461 461 461 462 462 462 377 377 377 462 462 462 463 463 463 463 463 463 462 462 462 464 464 464 463 463 463 464 464 464 465 465 465 465 465 465 464 464 464 15 15 15 465 465 465 15 15 15 17 17 17 461 461 461 0 0 0 466 466 466 466 466 466 0 0 0 467 467 467 466 466 466 467 467 467 468 468 468 468 468 468 467 467 467 5 5 5 468 468 468 5 5 5 7 7 7 371 371 371 370 370 370 377 377 377 377 377 377 370 370 370 369 369 369 377 377 377 463 463 463 469 469 469 469 469 469 463 463 463 465 465 465 469 469 469 465 465 465 470 470 470 470 470 470 465 465 465 17 17 17 470 470 470 17 17 17 19 19 19 373 373 373 378 378 378 374 374 374 294 294 294 293 293 293 306 306 306 306 306 306 308 308 308 471 471 471 471 471 471 308 308 308 310 310 310 471 471 471 310 310 310 472 472 472 472 472 472 310 310 310 312 312 312 472 472 472 312 312 312 473 473 473 473 473 473 312 312 312 314 314 314 473 473 473 314 314 314 474 474 474 474 474 474 314 314 314 316 316 316 474 474 474 316 316 316 475 475 475 475 475 475 316 316 316 318 318 318 475 475 475 318 318 318 476 476 476 476 476 476 318 318 318 320 320 320 476 476 476 320 320 320 477 477 477 477 477 477 320 320 320 322 322 322 477 477 477 322 322 322 478 478 478 478 478 478 322 322 322 324 324 324 478 478 478 324 324 324 479 479 479 479 479 479 324 324 324 326 326 326 479 479 479 326 326 326 480 480 480 480 480 480 326 326 326 328 328 328 480 480 480 328 328 328 261 261 261 261 261 261 328 328 328 259 259 259 192 192 192 194 194 194 481 481 481 481 481 481 194 194 194 196 196 196 481 481 481 196 196 196 482 482 482 482 482 482 196 196 196 198 198 198 482 482 482 198 198 198 483 483 483 483 483 483 198 198 198 200 200 200 483 483 483 200 200 200 484 484 484 484 484 484 200 200 200 202 202 202 484 484 484 202 202 202 485 485 485 485 485 485 202 202 202 204 204 204 485 485 485 204 204 204 486 486 486 486 486 486 204 204 204 206 206 206 486 486 486 206 206 206 487 487 487 487 487 487 206 206 206 208 208 208 487 487 487 208 208 208 488 488 488 488 488 488 208 208 208 210 210 210 488 488 488 210 210 210 489 489 489 489 489 489 210 210 210 212 212 212 489 489 489 212 212 212 490 490 490 490 490 490 212 212 212 214 214 214 490 490 490 214 214 214 491 491 491 491 491 491 214 214 214 216 216 216 491 491 491 216 216 216 492 492 492 492 492 492 216 216 216 218 218 218 492 492 492 218 218 218 493 493 493 493 493 493 218 218 218 220 220 220 493 493 493 220 220 220 381 381 381 381 381 381 220 220 220 222 222 222 190 190 190 192 192 192 494 494 494 494 494 494 192 192 192 481 481 481 494 494 494 481 481 481 495 495 495 495 495 495 481 481 481 482 482 482 495 495 495 482 482 482 496 496 496 496 496 496 482 482 482 483 483 483 496 496 496 483 483 483 497 497 497 497 497 497 483 483 483 484 484 484 497 497 497 484 484 484 498 498 498 498 498 498 484 484 484 485 485 485 498 498 498 485 485 485 499 499 499 499 499 499 485 485 485 486 486 486 499 499 499 486 486 486 500 500 500 500 500 500 486 486 486 487 487 487 500 500 500 487 487 487 501 501 501 501 501 501 487 487 487 488 488 488 501 501 501 488 488 488 502 502 502 502 502 502 488 488 488 489 489 489 502 502 502 489 489 489 503 503 503 503 503 503 489 489 489 490 490 490 503 503 503 490 490 490 504 504 504 504 504 504 490 490 490 491 491 491 504 504 504 491 491 491 505 505 505 505 505 505 491 491 491 492 492 492 505 505 505 492 492 492 506 506 506 506 506 506 492 492 492 493 493 493 506 506 506 493 493 493 383 383 383 383 383 383 493 493 493 381 381 381 75 75 75 190 190 190 507 507 507 507 507 507 190 190 190 494 494 494 507 507 507 494 494 494 508 508 508 508 508 508 494 494 494 495 495 495 508 508 508 495 495 495 509 509 509 509 509 509 495 495 495 496 496 496 509 509 509 496 496 496 510 510 510 510 510 510 496 496 496 497 497 497 510 510 510 497 497 497 511 511 511 511 511 511 497 497 497 498 498 498 511 511 511 498 498 498 512 512 512 512 512 512 498 498 498 499 499 499 512 512 512 499 499 499 513 513 513 513 513 513 499 499 499 500 500 500 513 513 513 500 500 500 514 514 514 514 514 514 500 500 500 501 501 501 514 514 514 501 501 501 515 515 515 515 515 515 501 501 501 502 502 502 515 515 515 502 502 502 516 516 516 516 516 516 502 502 502 503 503 503 516 516 516 503 503 503 517 517 517 517 517 517 503 503 503 504 504 504 517 517 517 504 504 504 518 518 518 518 518 518 504 504 504 505 505 505 518 518 518 505 505 505 519 519 519 519 519 519 505 505 505 506 506 506 519 519 519 506 506 506 386 386 386 386 386 386 506 506 506 383 383 383 146 146 146 148 148 148 520 520 520 520 520 520 148 148 148 150 150 150 520 520 520 150 150 150 521 521 521 521 521 521 150 150 150 152 152 152 521 521 521 152 152 152 522 522 522 522 522 522 152 152 152 154 154 154 522 522 522 154 154 154 523 523 523 523 523 523 154 154 154 156 156 156 523 523 523 156 156 156 524 524 524 524 524 524 156 156 156 158 158 158 524 524 524 158 158 158 525 525 525 525 525 525 158 158 158 160 160 160 525 525 525 160 160 160 526 526 526 526 526 526 160 160 160 162 162 162 526 526 526 162 162 162 527 527 527 527 527 527 162 162 162 58 58 58 527 527 527 58 58 58 56 56 56 144 144 144 146 146 146 528 528 528 528 528 528 146 146 146 520 520 520 528 528 528 520 520 520 529 529 529 529 529 529 520 520 520 521 521 521 529 529 529 521 521 521 530 530 530 530 530 530 521 521 521 522 522 522 530 530 530 522 522 522 531 531 531 531 531 531 522 522 522 523 523 523 531 531 531 523 523 523 532 532 532 532 532 532 523 523 523 524 524 524 532 532 532 524 524 524 533 533 533 533 533 533 524 524 524 525 525 525 533 533 533 525 525 525 534 534 534 534 534 534 525 525 525 526 526 526 534 534 534 526 526 526 535 535 535 535 535 535 526 526 526 527 527 527 535 535 535 527 527 527 536 536 536 536 536 536 527 527 527 56 56 56 536 536 536 56 56 56 54 54 54 142 142 142 144 144 144 537 537 537 537 537 537 144 144 144 528 528 528 537 537 537 528 528 528 538 538 538 538 538 538 528 528 528 529 529 529 538 538 538 529 529 529 539 539 539 539 539 539 529 529 529 530 530 530 539 539 539 530 530 530 540 540 540 540 540 540 530 530 530 531 531 531 540 540 540 531 531 531 541 541 541 541 541 541 531 531 531 532 532 532 541 541 541 532 532 532 542 542 542 542 542 542 532 532 532 533 533 533 542 542 542 533 533 533 543 543 543 543 543 543 533 533 533 534 534 534 543 543 543 534 534 534 544 544 544 544 544 544 534 534 534 535 535 535 544 544 544 535 535 535 545 545 545 545 545 545 535 535 535 536 536 536 545 545 545 536 536 536 546 546 546 546 546 546 536 536 536 54 54 54 546 546 546 54 54 54 52 52 52 140 140 140 142 142 142 547 547 547 547 547 547 142 142 142 537 537 537 547 547 547 537 537 537 548 548 548 548 548 548 537 537 537 538 538 538 548 548 548 538 538 538 549 549 549 549 549 549 538 538 538 539 539 539 549 549 549 539 539 539 550 550 550 550 550 550 539 539 539 540 540 540 550 550 550 540 540 540 551 551 551 551 551 551 540 540 540 541 541 541 551 551 551 541 541 541 552 552 552 552 552 552 541 541 541 542 542 542 552 552 552 542 542 542 553 553 553 553 553 553 542 542 542 543 543 543 553 553 553 543 543 543 554 554 554 554 554 554 543 543 543 544 544 544 554 554 554 544 544 544 555 555 555 555 555 555 544 544 544 545 545 545 555 555 555 545 545 545 556 556 556 556 556 556 545 545 545 546 546 546 556 556 556 546 546 546 557 557 557 557 557 557 546 546 546 52 52 52 557 557 557 52 52 52 50 50 50 125 125 125 124 124 124 138 138 138 138 138 138 140 140 140 558 558 558 558 558 558 140 140 140 547 547 547 558 558 558 547 547 547 559 559 559 559 559 559 547 547 547 548 548 548 559 559 559 548 548 548 560 560 560 560 560 560 548 548 548 549 549 549 560 560 560 549 549 549 561 561 561 561 561 561 549 549 549 550 550 550 561 561 561 550 550 550 562 562 562 562 562 562 550 550 550 551 551 551 562 562 562 551 551 551 563 563 563 563 563 563 551 551 551 552 552 552 563 563 563 552 552 552 564 564 564 564 564 564 552 552 552 553 553 553 564 564 564 553 553 553 565 565 565 565 565 565 553 553 553 554 554 554 565 565 565 554 554 554 566 566 566 566 566 566 554 554 554 555 555 555 566 566 566 555 555 555 567 567 567 567 567 567 555 555 555 556 556 556 567 567 567 556 556 556 568 568 568 568 568 568 556 556 556 557 557 557 568 568 568 557 557 557 569 569 569 569 569 569 557 557 557 50 50 50 569 569 569 50 50 50 48 48 48 468 468 468 7 7 7 9 9 9 5 5 5 467 467 467 2 2 2 2 2 2 467 467 467 0 0 0 472 472 472 295 295 295 471 471 471 471 471 471 295 295 295 294 294 294 471 471 471 294 294 294 306 306 306 295 295 295 472 472 472 296 296 296 296 296 296 472 472 472 473 473 473 296 296 296 473 473 473 297 297 297 297 297 297 473 473 473 474 474 474 297 297 297 474 474 474 298 298 298 298 298 298 474 474 474 475 475 475 298 298 298 475 475 475 299 299 299 299 299 299 475 475 475 476 476 476 299 299 299 476 476 476 300 300 300 300 300 300 476 476 476 477 477 477 300 300 300 477 477 477 301 301 301 301 301 301 477 477 477 478 478 478 301 301 301 478 478 478 302 302 302 302 302 302 478 478 478 479 479 479 302 302 302 479 479 479 303 303 303 303 303 303 479 479 479 480 480 480 303 303 303 480 480 480 263 263 263 263 263 263 480 480 480 261 261 261 508 508 508 570 570 570 507 507 507 507 507 507 570 570 570 73 73 73 507 507 507 73 73 73 75 75 75 412 412 412 71 71 71 570 570 570 570 570 570 71 71 71 73 73 73 570 570 570 508 508 508 571 571 571 571 571 571 508 508 508 509 509 509 571 571 571 509 509 509 572 572 572 572 572 572 509 509 509 510 510 510 572 572 572 510 510 510 573 573 573 573 573 573 510 510 510 511 511 511 573 573 573 511 511 511 574 574 574 574 574 574 511 511 511 512 512 512 574 574 574 512 512 512 575 575 575 575 575 575 512 512 512 513 513 513 575 575 575 513 513 513 576 576 576 576 576 576 513 513 513 514 514 514 576 576 576 514 514 514 577 577 577 577 577 577 514 514 514 515 515 515 577 577 577 515 515 515 578 578 578 578 578 578 515 515 515 516 516 516 578 578 578 516 516 516 579 579 579 579 579 579 516 516 516 517 517 517 579 579 579 517 517 517 580 580 580 580 580 580 517 517 517 518 518 518 580 580 580 518 518 518 581 581 581 581 581 581 518 518 518 519 519 519 581 581 581 519 519 519 388 388 388 388 388 388 519 519 519 386 386 386 559 559 559 126 126 126 558 558 558 558 558 558 126 126 126 125 125 125 558 558 558 125 125 125 138 138 138 126 126 126 559 559 559 127 127 127 127 127 127 559 559 559 560 560 560 127 127 127 560 560 560 128 128 128 128 128 128 560 560 560 561 561 561 128 128 128 561 561 561 129 129 129 129 129 129 561 561 561 562 562 562 129 129 129 562 562 562 130 130 130 130 130 130 562 562 562 563 563 563 130 130 130 563 563 563 131 131 131 131 131 131 563 563 563 564 564 564 131 131 131 564 564 564 132 132 132 132 132 132 564 564 564 565 565 565 132 132 132 565 565 565 133 133 133 133 133 133 565 565 565 566 566 566 133 133 133 566 566 566 134 134 134 134 134 134 566 566 566 567 567 567 134 134 134 567 567 567 135 135 135 135 135 135 567 567 567 568 568 568 135 135 135 568 568 568 136 136 136 136 136 136 568 568 568 569 569 569 136 136 136 569 569 569 137 137 137 137 137 137 569 569 569 48 48 48 137 137 137 48 48 48 46 46 46 468 468 468 9 9 9 582 582 582 582 582 582 9 9 9 11 11 11 582 582 582 11 11 11 583 583 583 583 583 583 11 11 11 13 13 13 583 583 583 13 13 13 464 464 464 464 464 464 13 13 13 15 15 15 461 461 461 466 466 466 582 582 582 582 582 582 466 466 466 468 468 468 461 461 461 582 582 582 583 583 583 573 573 573 408 408 408 572 572 572 572 572 572 408 408 408 410 410 410 572 572 572 410 410 410 571 571 571 571 571 571 410 410 410 412 412 412 571 571 571 412 412 412 570 570 570 408 408 408 573 573 573 406 406 406 406 406 406 573 573 573 574 574 574 406 406 406 574 574 574 404 404 404 404 404 404 574 574 574 575 575 575 404 404 404 575 575 575 402 402 402 402 402 402 575 575 575 576 576 576 402 402 402 576 576 576 400 400 400 400 400 400 576 576 576 577 577 577 400 400 400 577 577 577 398 398 398 398 398 398 577 577 577 578 578 578 398 398 398 578 578 578 396 396 396 396 396 396 578 578 578 579 579 579 396 396 396 579 579 579 394 394 394 394 394 394 579 579 579 580 580 580 394 394 394 580 580 580 392 392 392 392 392 392 580 580 580 581 581 581 392 392 392 581 581 581 390 390 390 390 390 390 581 581 581 388 388 388 409 409 409 584 584 584 411 411 411 411 411 411 584 584 584 67 67 67 411 411 411 67 67 67 69 69 69 67 67 67 584 584 584 65 65 65 65 65 65 584 584 584 585 585 585 65 65 65 585 585 585 63 63 63 63 63 63 585 585 585 586 586 586 63 63 63 586 586 586 61 61 61 61 61 61 586 586 586 587 587 587 61 61 61 587 587 587 59 59 59 59 59 59 587 587 587 432 432 432 584 584 584 409 409 409 588 588 588 588 588 588 409 409 409 407 407 407 588 588 588 407 407 407 589 589 589 589 589 589 407 407 407 405 405 405 589 589 589 405 405 405 590 590 590 590 590 590 405 405 405 403 403 403 590 590 590 403 403 403 591 591 591 591 591 591 403 403 403 401 401 401 591 591 591 401 401 401 592 592 592 592 592 592 401 401 401 399 399 399 592 592 592 399 399 399 593 593 593 593 593 593 399 399 399 397 397 397 593 593 593 397 397 397 594 594 594 594 594 594 397 397 397 395 395 395 594 594 594 395 395 395 595 595 595 595 595 595 395 395 395 393 393 393 595 595 595 393 393 393 413 413 413 413 413 413 393 393 393 391 391 391 377 377 377 469 469 469 459 459 459 459 459 459 469 469 469 470 470 470 459 459 459 470 470 470 596 596 596 596 596 596 470 470 470 19 19 19 596 596 596 19 19 19 21 21 21 583 583 583 464 464 464 462 462 462 461 461 461 583 583 583 462 462 462 591 591 591 597 597 597 590 590 590 590 590 590 597 597 597 598 598 598 590 590 590 598 598 598 589 589 589 589 589 589 598 598 598 599 599 599 589 589 589 599 599 599 588 588 588 588 588 588 599 599 599 585 585 585 588 588 588 585 585 585 584 584 584 597 597 597 600 600 600 598 598 598 598 598 598 600 600 600 601 601 601 598 598 598 601 601 601 599 599 599 599 599 599 601 601 601 586 586 586 599 599 599 586 586 586 585 585 585 597 597 597 591 591 591 602 602 602 602 602 602 591 591 591 592 592 592 602 602 602 592 592 592 603 603 603 603 603 603 592 592 592 593 593 593 603 603 603 593 593 593 604 604 604 604 604 604 593 593 593 594 594 594 604 604 604 594 594 594 605 605 605 605 605 605 594 594 594 595 595 595 605 605 605 595 595 595 416 416 416 416 416 416 595 595 595 413 413 413 600 600 600 606 606 606 601 601 601 601 601 601 606 606 606 587 587 587 601 601 601 587 587 587 586 586 586 600 600 600 597 597 597 607 607 607 607 607 607 597 597 597 602 602 602 607 607 607 602 602 602 608 608 608 608 608 608 602 602 602 603 603 603 608 608 608 603 603 603 609 609 609 609 609 609 603 603 603 604 604 604 609 609 609 604 604 604 610 610 610 610 610 610 604 604 604 605 605 605 610 610 610 605 605 605 418 418 418 418 418 418 605 605 605 416 416 416 430 430 430 432 432 432 606 606 606 606 606 606 432 432 432 587 587 587 606 606 606 600 600 600 611 611 611 611 611 611 600 600 600 607 607 607 611 611 611 607 607 607 612 612 612 612 612 612 607 607 607 608 608 608 612 612 612 608 608 608 613 613 613 613 613 613 608 608 608 609 609 609 613 613 613 609 609 609 614 614 614 614 614 614 609 609 609 610 610 610 614 614 614 610 610 610 420 420 420 420 420 420 610 610 610 418 418 418 459 459 459 596 596 596 460 460 460 460 460 460 596 596 596 458 458 458 596 596 596 21 21 21 458 458 458 612 612 612 428 428 428 611 611 611 611 611 611 428 428 428 430 430 430 611 611 611 430 430 430 606 606 606 428 428 428 612 612 612 426 426 426 426 426 426 612 612 612 613 613 613 426 426 426 613 613 613 424 424 424 424 424 424 613 613 613 614 614 614 424 424 424 614 614 614 422 422 422 422 422 422 614 614 614 420 420 420 27 27 27 29 29 29 453 453 453 453 453 453 29 29 29 615 615 615 453 453 453 615 615 615 451 451 451 451 451 451 615 615 615 450 450 450 615 615 615 29 29 29 31 31 31 250 250 250 248 248 248 616 616 616 616 616 616 248 248 248 246 246 246 616 616 616 246 246 246 241 241 241 241 241 241 246 246 246 243 243 243 252 252 252 250 250 250 617 617 617 617 617 617 250 250 250 616 616 616 617 617 617 616 616 616 239 239 239 239 239 239 616 616 616 241 241 241 254 254 254 252 252 252 618 618 618 618 618 618 252 252 252 617 617 617 618 618 618 617 617 617 237 237 237 237 237 237 617 617 617 239 239 239 256 256 256 254 254 254 619 619 619 619 619 619 254 254 254 618 618 618 619 619 619 618 618 618 235 235 235 235 235 235 618 618 618 237 237 237 258 258 258 256 256 256 620 620 620 620 620 620 256 256 256 619 619 619 620 620 620 619 619 619 233 233 233 233 233 233 619 619 619 235 235 235 260 260 260 258 258 258 621 621 621 621 621 621 258 258 258 620 620 620 621 621 621 620 620 620 231 231 231 231 231 231 620 620 620 233 233 233 262 262 262 260 260 260 622 622 622 622 622 622 260 260 260 621 621 621 622 622 622 621 621 621 229 229 229 229 229 229 621 621 621 231 231 231 264 264 264 262 262 262 623 623 623 623 623 623 262 262 262 622 622 622 623 623 623 622 622 622 227 227 227 227 227 227 622 622 622 229 229 229 221 221 221 219 219 219 266 266 266 266 266 266 264 264 264 624 624 624 624 624 624 264 264 264 623 623 623 624 624 624 623 623 623 225 225 225 225 225 225 623 623 623 227 227 227 49 49 49 51 51 51 444 444 444 615 615 615 31 31 31 625 625 625 625 625 625 31 31 31 33 33 33 625 625 625 33 33 33 447 447 447 447 447 447 33 33 33 35 35 35 225 225 225 223 223 223 624 624 624 624 624 624 223 223 223 221 221 221 624 624 624 221 221 221 266 266 266 49 49 49 444 444 444 445 445 445 445 445 445 444 444 444 443 443 443 445 445 445 47 47 47 49 49 49 447 447 447 449 449 449 625 625 625 625 625 625 449 449 449 450 450 450 625 625 625 450 450 450 615 615 615 626 626 626 627 627 627 628 628 628 628 628 628 627 627 627 629 629 629 628 628 628 629 629 629 630 630 630 628 628 628 630 630 630 631 631 631 631 631 631 630 630 630 632 632 632 631 631 631 632 632 632 633 633 633 633 633 633 632 632 632 634 634 634 633 633 633 634 634 634 635 635 635 635 635 635 634 634 634 636 636 636 635 635 635 636 636 636 637 637 637 637 637 637 636 636 636 638 638 638 637 637 637 638 638 638 639 639 639 639 639 639 638 638 638 640 640 640 639 639 639 640 640 640 641 641 641 641 641 641 640 640 640 642 642 642 641 641 641 642 642 642 643 643 643 643 643 643 642 642 642 644 644 644 643 643 643 644 644 644 645 645 645 645 645 645 644 644 644 646 646 646 645 645 645 646 646 646 647 647 647 647 647 647 646 646 646 648 648 648 647 647 647 648 648 648 649 649 649 649 649 649 648 648 648 650 650 650 649 649 649 650 650 650 651 651 651 651 651 651 650 650 650 652 652 652 651 651 651 652 652 652 653 653 653 653 653 653 652 652 652 654 654 654 653 653 653 654 654 654 655 655 655 655 655 655 654 654 654 656 656 656 655 655 655 656 656 656 657 657 657 657 657 657 656 656 656 658 658 658 658 658 658 656 656 656 659 659 659 658 658 658 659 659 659 660 660 660 660 660 660 659 659 659 661 661 661 660 660 660 661 661 661 662 662 662 662 662 662 661 661 661 663 663 663 663 663 663 661 661 661 664 664 664 663 663 663 664 664 664 665 665 665 665 665 665 664 664 664 666 666 666 665 665 665 666 666 666 667 667 667 667 667 667 666 666 666 668 668 668 667 667 667 668 668 668 669 669 669 669 669 669 668 668 668 670 670 670 669 669 669 670 670 670 671 671 671 671 671 671 670 670 670 672 672 672 671 671 671 672 672 672 673 673 673 673 673 673 672 672 672 674 674 674 673 673 673 674 674 674 675 675 675 675 675 675 674 674 674 676 676 676 675 675 675 676 676 676 677 677 677 677 677 677 676 676 676 678 678 678 677 677 677 678 678 678 679 679 679 679 679 679 678 678 678 680 680 680 679 679 679 680 680 680 681 681 681 681 681 681 680 680 680 682 682 682 681 681 681 682 682 682 683 683 683 683 683 683 682 682 682 684 684 684 683 683 683 684 684 684 685 685 685 634 634 634 632 632 632 686 686 686 686 686 686 632 632 632 687 687 687 686 686 686 687 687 687 688 688 688 688 688 688 687 687 687 689 689 689 688 688 688 689 689 689 690 690 690 690 690 690 689 689 689 691 691 691 690 690 690 691 691 691 692 692 692 692 692 692 691 691 691 693 693 693 692 692 692 693 693 693 694 694 694 692 692 692 694 694 694 695 695 695 695 695 695 694 694 694 696 696 696 695 695 695 696 696 696 697 697 697 697 697 697 696 696 696 698 698 698 697 697 697 698 698 698 699 699 699 697 697 697 699 699 699 700 700 700 700 700 700 699 699 699 701 701 701 700 700 700 701 701 701 702 702 702 702 702 702 701 701 701 703 703 703 702 702 702 703 703 703 704 704 704 704 704 704 703 703 703 705 705 705 704 704 704 705 705 705 706 706 706 706 706 706 705 705 705 707 707 707 706 706 706 707 707 707 708 708 708 708 708 708 707 707 707 709 709 709 708 708 708 709 709 709 710 710 710 710 710 710 709 709 709 711 711 711 710 710 710 711 711 711 712 712 712 712 712 712 711 711 711 713 713 713 712 712 712 713 713 713 714 714 714 714 714 714 713 713 713 715 715 715 714 714 714 715 715 715 716 716 716 716 716 716 715 715 715 672 672 672 716 716 716 672 672 672 670 670 670 705 705 705 717 717 717 707 707 707 707 707 707 717 717 717 718 718 718 707 707 707 718 718 718 709 709 709 709 709 709 718 718 718 719 719 719 709 709 709 719 719 719 711 711 711 711 711 711 719 719 719 720 720 720 711 711 711 720 720 720 713 713 713 713 713 713 720 720 720 721 721 721 713 713 713 721 721 721 715 715 715 715 715 715 721 721 721 674 674 674 715 715 715 674 674 674 672 672 672 718 718 718 717 717 717 722 722 722 722 722 722 717 717 717 723 723 723 722 722 722 723 723 723 724 724 724 724 724 724 723 723 723 725 725 725 724 724 724 725 725 725 726 726 726 726 726 726 725 725 725 680 680 680 726 726 726 680 680 680 678 678 678 723 723 723 727 727 727 725 725 725 725 725 725 727 727 727 682 682 682 725 725 725 682 682 682 680 680 680 727 727 727 684 684 684 682 682 682 683 683 683 685 685 685 728 728 728 728 728 728 685 685 685 729 729 729 728 728 728 729 729 729 730 730 730 730 730 730 729 729 729 731 731 731 730 730 730 731 731 731 732 732 732 732 732 732 731 731 731 733 733 733 732 732 732 733 733 733 734 734 734 734 734 734 733 733 733 735 735 735 734 734 734 735 735 735 736 736 736 736 736 736 735 735 735 737 737 737 736 736 736 737 737 737 738 738 738 736 736 736 738 738 738 739 739 739 739 739 739 738 738 738 740 740 740 739 739 739 740 740 740 741 741 741 741 741 741 740 740 740 742 742 742 741 741 741 742 742 742 743 743 743 743 743 743 742 742 742 744 744 744 743 743 743 744 744 744 745 745 745 745 745 745 744 744 744 746 746 746 745 745 745 746 746 746 747 747 747 747 747 747 746 746 746 748 748 748 747 747 747 748 748 748 749 749 749 749 749 749 748 748 748 750 750 750 749 749 749 750 750 750 751 751 751 751 751 751 750 750 750 752 752 752 751 751 751 752 752 752 753 753 753 753 753 753 752 752 752 754 754 754 753 753 753 754 754 754 755 755 755 755 755 755 754 754 754 756 756 756 755 755 755 756 756 756 757 757 757 757 757 757 756 756 756 758 758 758 757 757 757 758 758 758 759 759 759 759 759 759 758 758 758 760 760 760 759 759 759 760 760 760 761 761 761 761 761 761 760 760 760 762 762 762 761 761 761 762 762 762 763 763 763 763 763 763 762 762 762 764 764 764 763 763 763 764 764 764 765 765 765 765 765 765 764 764 764 766 766 766 765 765 765 766 766 766 767 767 767 767 767 767 766 766 766 768 768 768 768 768 768 766 766 766 769 769 769 768 768 768 769 769 769 770 770 770 770 770 770 769 769 769 771 771 771 771 771 771 769 769 769 772 772 772 771 771 771 772 772 772 773 773 773 773 773 773 772 772 772 774 774 774 773 773 773 774 774 774 775 775 775 775 775 775 774 774 774 762 762 762 775 775 775 762 762 762 760 760 760 750 750 750 627 627 627 752 752 752 752 752 752 627 627 627 776 776 776 752 752 752 776 776 776 754 754 754 754 754 754 776 776 776 777 777 777 754 754 754 777 777 777 756 756 756 756 756 756 777 777 777 778 778 778 756 756 756 778 778 778 758 758 758 758 758 758 778 778 778 779 779 779 758 758 758 779 779 779 760 760 760 760 760 760 779 779 779 775 775 775 627 627 627 626 626 626 776 776 776 776 776 776 626 626 626 777 777 777 626 626 626 780 780 780 777 777 777 777 777 777 780 780 780 778 778 778 780 780 780 781 781 781 778 778 778 778 778 778 781 781 781 779 779 779 781 781 781 782 782 782 779 779 779 779 779 779 782 782 782 775 775 775 782 782 782 773 773 773 775 775 775 770 770 770 783 783 783 768 768 768 765 765 765 767 767 767 784 784 784 784 784 784 767 767 767 785 785 785 784 784 784 785 785 785 786 786 786 786 786 786 785 785 785 787 787 787 786 786 786 787 787 787 788 788 788 788 788 788 787 787 787 789 789 789 788 788 788 789 789 789 790 790 790 790 790 790 789 789 789 791 791 791 790 790 790 791 791 791 792 792 792 792 792 792 791 791 791 793 793 793 792 792 792 793 793 793 794 794 794 794 794 794 793 793 793 795 795 795 794 794 794 795 795 795 796 796 796 794 794 794 796 796 796 797 797 797 797 797 797 796 796 796 798 798 798 797 797 797 798 798 798 799 799 799 799 799 799 798 798 798 800 800 800 799 799 799 800 800 800 801 801 801 801 801 801 800 800 800 802 802 802 801 801 801 802 802 802 803 803 803 803 803 803 802 802 802 804 804 804 803 803 803 804 804 804 805 805 805 805 805 805 804 804 804 806 806 806 805 805 805 806 806 806 807 807 807 807 807 807 806 806 806 808 808 808 807 807 807 808 808 808 809 809 809 809 809 809 808 808 808 810 810 810 809 809 809 810 810 810 811 811 811 811 811 811 810 810 810 812 812 812 811 811 811 812 812 812 813 813 813 813 813 813 812 812 812 814 814 814 813 813 813 814 814 814 815 815 815 815 815 815 814 814 814 816 816 816 815 815 815 816 816 816 817 817 817 817 817 817 816 816 816 818 818 818 817 817 817 818 818 818 819 819 819 819 819 819 818 818 818 677 677 677 819 819 819 677 677 677 679 679 679 810 810 810 820 820 820 812 812 812 812 812 812 820 820 820 821 821 821 812 812 812 821 821 821 814 814 814 814 814 814 821 821 821 822 822 822 814 814 814 822 822 822 816 816 816 816 816 816 822 822 822 823 823 823 816 816 816 823 823 823 818 818 818 818 818 818 823 823 823 675 675 675 818 818 818 675 675 675 677 677 677 820 820 820 824 824 824 821 821 821 821 821 821 824 824 824 825 825 825 821 821 821 825 825 825 822 822 822 822 822 822 825 825 825 826 826 826 822 822 822 826 826 826 823 823 823 823 823 823 826 826 826 673 673 673 823 823 823 673 673 673 675 675 675 825 825 825 824 824 824 827 827 827 827 827 827 824 824 824 667 667 667 827 827 827 667 667 667 669 669 669 649 649 649 828 828 828 647 647 647 647 647 647 828 828 828 829 829 829 647 647 647 829 829 829 645 645 645 645 645 645 829 829 829 830 830 830 645 645 645 830 830 830 643 643 643 643 643 643 830 830 830 831 831 831 643 643 643 831 831 831 641 641 641 641 641 641 831 831 831 832 832 832 641 641 641 832 832 832 639 639 639 639 639 639 832 832 832 833 833 833 639 639 639 833 833 833 637 637 637 637 637 637 833 833 833 834 834 834 637 637 637 834 834 834 635 635 635 635 635 635 834 834 834 835 835 835 635 635 635 835 835 835 633 633 633 633 633 633 835 835 835 631 631 631 828 828 828 836 836 836 829 829 829 829 829 829 836 836 836 837 837 837 829 829 829 837 837 837 830 830 830 830 830 830 837 837 837 838 838 838 830 830 830 838 838 838 831 831 831 831 831 831 838 838 838 839 839 839 831 831 831 839 839 839 832 832 832 832 832 832 839 839 839 840 840 840 832 832 832 840 840 840 833 833 833 833 833 833 840 840 840 841 841 841 833 833 833 841 841 841 834 834 834 834 834 834 841 841 841 842 842 842 834 834 834 842 842 842 835 835 835 835 835 835 842 842 842 843 843 843 835 835 835 843 843 843 631 631 631 631 631 631 843 843 843 628 628 628 836 836 836 783 783 783 837 837 837 837 837 837 783 783 783 770 770 770 837 837 837 770 770 770 771 771 771 837 837 837 771 771 771 838 838 838 838 838 838 771 771 771 773 773 773 838 838 838 773 773 773 839 839 839 839 839 839 773 773 773 840 840 840 773 773 773 782 782 782 840 840 840 840 840 840 782 782 782 841 841 841 782 782 782 781 781 781 841 841 841 841 841 841 781 781 781 842 842 842 781 781 781 780 780 780 842 842 842 842 842 842 780 780 780 843 843 843 780 780 780 626 626 626 843 843 843 843 843 843 626 626 626 628 628 628 749 749 749 751 751 751 844 844 844 844 844 844 751 751 751 753 753 753 844 844 844 753 753 753 845 845 845 845 845 845 753 753 753 755 755 755 845 845 845 755 755 755 846 846 846 846 846 846 755 755 755 757 757 757 846 846 846 757 757 757 847 847 847 847 847 847 757 757 757 759 759 759 847 847 847 759 759 759 848 848 848 848 848 848 759 759 759 761 761 761 848 848 848 761 761 761 849 849 849 849 849 849 761 761 761 763 763 763 849 849 849 763 763 763 784 784 784 784 784 784 763 763 763 765 765 765 747 747 747 749 749 749 850 850 850 850 850 850 749 749 749 844 844 844 850 850 850 844 844 844 851 851 851 851 851 851 844 844 844 845 845 845 851 851 851 845 845 845 852 852 852 852 852 852 845 845 845 846 846 846 852 852 852 846 846 846 853 853 853 853 853 853 846 846 846 847 847 847 853 853 853 847 847 847 854 854 854 854 854 854 847 847 847 848 848 848 854 854 854 848 848 848 855 855 855 855 855 855 848 848 848 849 849 849 855 855 855 849 849 849 786 786 786 786 786 786 849 849 849 784 784 784 745 745 745 747 747 747 856 856 856 856 856 856 747 747 747 850 850 850 856 856 856 850 850 850 857 857 857 857 857 857 850 850 850 851 851 851 857 857 857 851 851 851 858 858 858 858 858 858 851 851 851 852 852 852 858 858 858 852 852 852 859 859 859 859 859 859 852 852 852 853 853 853 859 859 859 853 853 853 860 860 860 860 860 860 853 853 853 854 854 854 860 860 860 854 854 854 861 861 861 861 861 861 854 854 854 855 855 855 861 861 861 855 855 855 788 788 788 788 788 788 855 855 855 786 786 786 743 743 743 745 745 745 862 862 862 862 862 862 745 745 745 856 856 856 862 862 862 856 856 856 863 863 863 863 863 863 856 856 856 857 857 857 863 863 863 857 857 857 864 864 864 864 864 864 857 857 857 858 858 858 864 864 864 858 858 858 865 865 865 865 865 865 858 858 858 859 859 859 865 865 865 859 859 859 866 866 866 866 866 866 859 859 859 860 860 860 866 866 866 860 860 860 867 867 867 867 867 867 860 860 860 861 861 861 867 867 867 861 861 861 790 790 790 790 790 790 861 861 861 788 788 788 741 741 741 743 743 743 868 868 868 868 868 868 743 743 743 862 862 862 868 868 868 862 862 862 869 869 869 869 869 869 862 862 862 863 863 863 869 869 869 863 863 863 870 870 870 870 870 870 863 863 863 864 864 864 870 870 870 864 864 864 871 871 871 871 871 871 864 864 864 865 865 865 871 871 871 865 865 865 872 872 872 872 872 872 865 865 865 866 866 866 872 872 872 866 866 866 873 873 873 873 873 873 866 866 866 867 867 867 873 873 873 867 867 867 792 792 792 792 792 792 867 867 867 790 790 790 739 739 739 741 741 741 874 874 874 874 874 874 741 741 741 868 868 868 874 874 874 868 868 868 875 875 875 875 875 875 868 868 868 869 869 869 875 875 875 869 869 869 876 876 876 876 876 876 869 869 869 870 870 870 876 876 876 870 870 870 877 877 877 877 877 877 870 870 870 871 871 871 877 877 877 871 871 871 878 878 878 878 878 878 871 871 871 872 872 872 878 878 878 872 872 872 879 879 879 879 879 879 872 872 872 873 873 873 879 879 879 873 873 873 794 794 794 794 794 794 873 873 873 792 792 792 736 736 736 739 739 739 880 880 880 880 880 880 739 739 739 874 874 874 880 880 880 874 874 874 881 881 881 881 881 881 874 874 874 875 875 875 881 881 881 875 875 875 882 882 882 882 882 882 875 875 875 876 876 876 882 882 882 876 876 876 883 883 883 883 883 883 876 876 876 877 877 877 883 883 883 877 877 877 884 884 884 884 884 884 877 877 877 878 878 878 884 884 884 878 878 878 885 885 885 885 885 885 878 878 878 879 879 879 885 885 885 879 879 879 797 797 797 797 797 797 879 879 879 794 794 794 734 734 734 736 736 736 886 886 886 886 886 886 736 736 736 880 880 880 886 886 886 880 880 880 887 887 887 887 887 887 880 880 880 881 881 881 887 887 887 881 881 881 888 888 888 888 888 888 881 881 881 882 882 882 888 888 888 882 882 882 889 889 889 889 889 889 882 882 882 883 883 883 889 889 889 883 883 883 890 890 890 890 890 890 883 883 883 884 884 884 890 890 890 884 884 884 891 891 891 891 891 891 884 884 884 885 885 885 891 891 891 885 885 885 799 799 799 799 799 799 885 885 885 797 797 797 732 732 732 734 734 734 892 892 892 892 892 892 734 734 734 886 886 886 892 892 892 886 886 886 893 893 893 893 893 893 886 886 886 887 887 887 893 893 893 887 887 887 894 894 894 894 894 894 887 887 887 888 888 888 894 894 894 888 888 888 895 895 895 895 895 895 888 888 888 889 889 889 895 895 895 889 889 889 896 896 896 896 896 896 889 889 889 890 890 890 896 896 896 890 890 890 897 897 897 897 897 897 890 890 890 891 891 891 897 897 897 891 891 891 801 801 801 801 801 801 891 891 891 799 799 799 730 730 730 732 732 732 898 898 898 898 898 898 732 732 732 892 892 892 898 898 898 892 892 892 899 899 899 899 899 899 892 892 892 893 893 893 899 899 899 893 893 893 900 900 900 900 900 900 893 893 893 894 894 894 900 900 900 894 894 894 901 901 901 901 901 901 894 894 894 895 895 895 901 901 901 895 895 895 902 902 902 902 902 902 895 895 895 896 896 896 902 902 902 896 896 896 903 903 903 903 903 903 896 896 896 897 897 897 903 903 903 897 897 897 803 803 803 803 803 803 897 897 897 801 801 801 728 728 728 730 730 730 904 904 904 904 904 904 730 730 730 898 898 898 904 904 904 898 898 898 905 905 905 905 905 905 898 898 898 899 899 899 905 905 905 899 899 899 906 906 906 906 906 906 899 899 899 900 900 900 906 906 906 900 900 900 907 907 907 907 907 907 900 900 900 901 901 901 907 907 907 901 901 901 908 908 908 908 908 908 901 901 901 902 902 902 908 908 908 902 902 902 909 909 909 909 909 909 902 902 902 903 903 903 909 909 909 903 903 903 805 805 805 805 805 805 903 903 903 803 803 803 683 683 683 728 728 728 910 910 910 910 910 910 728 728 728 904 904 904 910 910 910 904 904 904 911 911 911 911 911 911 904 904 904 905 905 905 911 911 911 905 905 905 912 912 912 912 912 912 905 905 905 906 906 906 912 912 912 906 906 906 913 913 913 913 913 913 906 906 906 907 907 907 913 913 913 907 907 907 914 914 914 914 914 914 907 907 907 908 908 908 914 914 914 908 908 908 915 915 915 915 915 915 908 908 908 909 909 909 915 915 915 909 909 909 807 807 807 807 807 807 909 909 909 805 805 805 719 719 719 718 718 718 722 722 722 722 722 722 724 724 724 916 916 916 916 916 916 724 724 724 726 726 726 916 916 916 726 726 726 917 917 917 917 917 917 726 726 726 678 678 678 917 917 917 678 678 678 676 676 676 704 704 704 706 706 706 918 918 918 918 918 918 706 706 706 708 708 708 918 918 918 708 708 708 919 919 919 919 919 919 708 708 708 710 710 710 919 919 919 710 710 710 920 920 920 920 920 920 710 710 710 712 712 712 920 920 920 712 712 712 921 921 921 921 921 921 712 712 712 714 714 714 921 921 921 714 714 714 922 922 922 922 922 922 714 714 714 716 716 716 922 922 922 716 716 716 923 923 923 923 923 923 716 716 716 670 670 670 923 923 923 670 670 670 668 668 668 702 702 702 704 704 704 924 924 924 924 924 924 704 704 704 918 918 918 924 924 924 918 918 918 925 925 925 925 925 925 918 918 918 919 919 919 925 925 925 919 919 919 926 926 926 926 926 926 919 919 919 920 920 920 926 926 926 920 920 920 927 927 927 927 927 927 920 920 920 921 921 921 927 927 927 921 921 921 928 928 928 928 928 928 921 921 921 922 922 922 928 928 928 922 922 922 929 929 929 929 929 929 922 922 922 923 923 923 929 929 929 923 923 923 666 666 666 666 666 666 923 923 923 668 668 668 700 700 700 702 702 702 930 930 930 930 930 930 702 702 702 924 924 924 930 930 930 924 924 924 931 931 931 931 931 931 924 924 924 925 925 925 931 931 931 925 925 925 932 932 932 932 932 932 925 925 925 926 926 926 932 932 932 926 926 926 933 933 933 933 933 933 926 926 926 927 927 927 933 933 933 927 927 927 934 934 934 934 934 934 927 927 927 928 928 928 934 934 934 928 928 928 935 935 935 935 935 935 928 928 928 929 929 929 935 935 935 929 929 929 664 664 664 664 664 664 929 929 929 666 666 666 697 697 697 700 700 700 936 936 936 936 936 936 700 700 700 930 930 930 936 936 936 930 930 930 937 937 937 937 937 937 930 930 930 931 931 931 937 937 937 931 931 931 938 938 938 938 938 938 931 931 931 932 932 932 938 938 938 932 932 932 939 939 939 939 939 939 932 932 932 933 933 933 939 939 939 933 933 933 940 940 940 940 940 940 933 933 933 934 934 934 940 940 940 934 934 934 941 941 941 941 941 941 934 934 934 935 935 935 941 941 941 935 935 935 661 661 661 661 661 661 935 935 935 664 664 664 695 695 695 697 697 697 942 942 942 942 942 942 697 697 697 936 936 936 942 942 942 936 936 936 943 943 943 943 943 943 936 936 936 937 937 937 943 943 943 937 937 937 944 944 944 944 944 944 937 937 937 938 938 938 944 944 944 938 938 938 945 945 945 945 945 945 938 938 938 939 939 939 945 945 945 939 939 939 946 946 946 946 946 946 939 939 939 940 940 940 946 946 946 940 940 940 947 947 947 947 947 947 940 940 940 941 941 941 947 947 947 941 941 941 659 659 659 659 659 659 941 941 941 661 661 661 692 692 692 695 695 695 948 948 948 948 948 948 695 695 695 942 942 942 948 948 948 942 942 942 949 949 949 949 949 949 942 942 942 943 943 943 949 949 949 943 943 943 950 950 950 950 950 950 943 943 943 944 944 944 950 950 950 944 944 944 951 951 951 951 951 951 944 944 944 945 945 945 951 951 951 945 945 945 952 952 952 952 952 952 945 945 945 946 946 946 952 952 952 946 946 946 953 953 953 953 953 953 946 946 946 947 947 947 953 953 953 947 947 947 656 656 656 656 656 656 947 947 947 659 659 659 690 690 690 692 692 692 954 954 954 954 954 954 692 692 692 948 948 948 954 954 954 948 948 948 955 955 955 955 955 955 948 948 948 949 949 949 955 955 955 949 949 949 956 956 956 956 956 956 949 949 949 950 950 950 956 956 956 950 950 950 957 957 957 957 957 957 950 950 950 951 951 951 957 957 957 951 951 951 958 958 958 958 958 958 951 951 951 952 952 952 958 958 958 952 952 952 959 959 959 959 959 959 952 952 952 953 953 953 959 959 959 953 953 953 654 654 654 654 654 654 953 953 953 656 656 656 688 688 688 690 690 690 960 960 960 960 960 960 690 690 690 954 954 954 960 960 960 954 954 954 961 961 961 961 961 961 954 954 954 955 955 955 961 961 961 955 955 955 962 962 962 962 962 962 955 955 955 956 956 956 962 962 962 956 956 956 963 963 963 963 963 963 956 956 956 957 957 957 963 963 963 957 957 957 964 964 964 964 964 964 957 957 957 958 958 958 964 964 964 958 958 958 965 965 965 965 965 965 958 958 958 959 959 959 965 965 965 959 959 959 652 652 652 652 652 652 959 959 959 654 654 654 636 636 636 634 634 634 686 686 686 686 686 686 688 688 688 966 966 966 966 966 966 688 688 688 960 960 960 966 966 966 960 960 960 967 967 967 967 967 967 960 960 960 961 961 961 967 967 967 961 961 961 968 968 968 968 968 968 961 961 961 962 962 962 968 968 968 962 962 962 969 969 969 969 969 969 962 962 962 963 963 963 969 969 969 963 963 963 970 970 970 970 970 970 963 963 963 964 964 964 970 970 970 964 964 964 971 971 971 971 971 971 964 964 964 965 965 965 971 971 971 965 965 965 650 650 650 650 650 650 965 965 965 652 652 652 683 683 683 910 910 910 681 681 681 681 681 681 910 910 910 972 972 972 681 681 681 972 972 972 679 679 679 679 679 679 972 972 972 819 819 819 972 972 972 910 910 910 911 911 911 720 720 720 719 719 719 916 916 916 916 916 916 719 719 719 722 722 722 720 720 720 916 916 916 917 917 917 638 638 638 636 636 636 966 966 966 966 966 966 636 636 636 686 686 686 638 638 638 966 966 966 967 967 967 972 972 972 911 911 911 973 973 973 973 973 973 911 911 911 912 912 912 973 973 973 912 912 912 974 974 974 974 974 974 912 912 912 913 913 913 974 974 974 913 913 913 975 975 975 975 975 975 913 913 913 914 914 914 975 975 975 914 914 914 976 976 976 976 976 976 914 914 914 915 915 915 976 976 976 915 915 915 809 809 809 809 809 809 915 915 915 807 807 807 721 721 721 720 720 720 917 917 917 721 721 721 917 917 917 676 676 676 640 640 640 638 638 638 967 967 967 640 640 640 967 967 967 968 968 968 817 817 817 819 819 819 973 973 973 973 973 973 819 819 819 972 972 972 817 817 817 973 973 973 974 974 974 674 674 674 721 721 721 676 676 676 642 642 642 640 640 640 968 968 968 642 642 642 968 968 968 969 969 969 815 815 815 817 817 817 974 974 974 815 815 815 974 974 974 975 975 975 644 644 644 642 642 642 969 969 969 644 644 644 969 969 969 970 970 970 764 764 764 762 762 762 774 774 774 813 813 813 815 815 815 975 975 975 813 813 813 975 975 975 976 976 976 671 671 671 673 673 673 826 826 826 646 646 646 644 644 644 970 970 970 646 646 646 970 970 970 971 971 971 769 769 769 766 766 766 772 772 772 772 772 772 766 766 766 764 764 764 772 772 772 764 764 764 774 774 774 813 813 813 976 976 976 811 811 811 811 811 811 976 976 976 809 809 809 671 671 671 826 826 826 827 827 827 827 827 827 826 826 826 825 825 825 827 827 827 669 669 669 671 671 671 646 646 646 971 971 971 648 648 648 648 648 648 971 971 971 650 650 650 3 3 3 1 1 1 627 627 627 627 627 627 1 1 1 354 354 354 627 627 627 354 354 354 629 629 629 629 629 629 354 354 354 342 342 342 629 629 629 342 342 342 630 630 630 630 630 630 342 342 342 330 330 330 630 630 630 330 330 330 632 632 632 632 632 632 330 330 330 687 687 687 687 687 687 330 330 330 307 307 307 687 687 687 307 307 307 305 305 305 687 687 687 305 305 305 689 689 689 689 689 689 305 305 305 304 304 304 689 689 689 304 304 304 691 691 691 691 691 691 304 304 304 292 292 292 691 691 691 292 292 292 693 693 693 693 693 693 292 292 292 280 280 280 693 693 693 280 280 280 694 694 694 694 694 694 280 280 280 268 268 268 694 694 694 268 268 268 696 696 696 696 696 696 268 268 268 193 193 193 696 696 696 193 193 193 698 698 698 698 698 698 193 193 193 699 699 699 699 699 699 193 193 193 191 191 191 699 699 699 191 191 191 701 701 701 701 701 701 191 191 191 77 77 77 701 701 701 77 77 77 703 703 703 703 703 703 77 77 77 76 76 76 703 703 703 76 76 76 705 705 705 705 705 705 76 76 76 188 188 188 705 705 705 188 188 188 185 185 185 705 705 705 185 185 185 717 717 717 717 717 717 185 185 185 181 181 181 717 717 717 181 181 181 723 723 723 723 723 723 181 181 181 176 176 176 723 723 723 176 176 176 727 727 727 727 727 727 176 176 176 170 170 170 727 727 727 170 170 170 684 684 684 684 684 684 170 170 170 163 163 163 684 684 684 163 163 163 685 685 685 685 685 685 163 163 163 729 729 729 729 729 729 163 163 163 147 147 147 729 729 729 147 147 147 731 731 731 731 731 731 147 147 147 145 145 145 731 731 731 145 145 145 733 733 733 733 733 733 145 145 145 143 143 143 733 733 733 143 143 143 735 735 735 735 735 735 143 143 143 141 141 141 735 735 735 141 141 141 139 139 139 735 735 735 139 139 139 737 737 737 737 737 737 139 139 139 123 123 123 737 737 737 123 123 123 738 738 738 738 738 738 123 123 123 108 108 108 738 738 738 108 108 108 740 740 740 740 740 740 108 108 108 93 93 93 740 740 740 93 93 93 742 742 742 742 742 742 93 93 93 78 78 78 742 742 742 78 78 78 744 744 744 744 744 744 78 78 78 746 746 746 746 746 746 78 78 78 6 6 6 746 746 746 6 6 6 748 748 748 748 748 748 6 6 6 4 4 4 748 748 748 4 4 4 750 750 750 750 750 750 4 4 4 3 3 3 750 750 750 3 3 3 627 627 627 836 836 836 242 242 242 783 783 783 783 783 783 242 242 242 380 380 380 783 783 783 380 380 380 448 448 448 836 836 836 828 828 828 242 242 242 242 242 242 828 828 828 240 240 240 240 240 240 828 828 828 238 238 238 238 238 238 828 828 828 649 649 649 238 238 238 649 649 649 236 236 236 236 236 236 649 649 649 651 651 651 236 236 236 651 651 651 653 653 653 236 236 236 653 653 653 234 234 234 234 234 234 653 653 653 655 655 655 234 234 234 655 655 655 232 232 232 232 232 232 655 655 655 230 230 230 230 230 230 655 655 655 657 657 657 230 230 230 657 657 657 228 228 228 228 228 228 657 657 657 658 658 658 228 228 228 658 658 658 226 226 226 226 226 226 658 658 658 660 660 660 226 226 226 660 660 660 224 224 224 224 224 224 660 660 660 662 662 662 224 224 224 662 662 662 382 382 382 382 382 382 662 662 662 663 663 663 382 382 382 663 663 663 384 384 384 384 384 384 663 663 663 665 665 665 384 384 384 665 665 665 667 667 667 384 384 384 667 667 667 385 385 385 385 385 385 667 667 667 824 824 824 385 385 385 824 824 824 387 387 387 387 387 387 824 824 824 820 820 820 387 387 387 820 820 820 389 389 389 389 389 389 820 820 820 810 810 810 389 389 389 810 810 810 414 414 414 414 414 414 810 810 810 415 415 415 415 415 415 810 810 810 808 808 808 415 415 415 808 808 808 417 417 417 417 417 417 808 808 808 806 806 806 417 417 417 806 806 806 419 419 419 419 419 419 806 806 806 804 804 804 419 419 419 804 804 804 421 421 421 421 421 421 804 804 804 802 802 802 421 421 421 802 802 802 800 800 800 421 421 421 800 800 800 433 433 433 433 433 433 800 800 800 798 798 798 433 433 433 798 798 798 438 438 438 438 438 438 798 798 798 796 796 796 438 438 438 796 796 796 442 442 442 442 442 442 796 796 796 795 795 795 442 442 442 795 795 795 446 446 446 446 446 446 795 795 795 793 793 793 446 446 446 793 793 793 45 45 45 45 45 45 793 793 793 43 43 43 43 43 43 793 793 793 791 791 791 43 43 43 791 791 791 41 41 41 41 41 41 791 791 791 789 789 789 41 41 41 789 789 789 40 40 40 40 40 40 789 789 789 787 787 787 40 40 40 787 787 787 38 38 38 38 38 38 787 787 787 785 785 785 38 38 38 785 785 785 767 767 767 38 38 38 767 767 767 37 37 37 37 37 37 767 767 767 768 768 768 37 37 37 768 768 768 448 448 448 448 448 448 768 768 768 783 783 783 </p>
      </triangles>
    </mesh>
  </geometry>
</library_geometries>
<library_visual_scenes>
  <visual_scene id="MeshMixerScene" name="MeshMixerScene">
    <node id="Model" name="Model">
      <node id="mesh1" name="mesh1">
        <instance_geometry url="#mesh1-geometry">
        </instance_geometry>
      </node>
    </node>
  </visual_scene>
</library_visual_scenes>
<scene>
  <instance_visual_scene url="#MeshMixerScene"/>
</scene>
</COLLADA>
